วันที่,เวลา,ประเภทมูลฝอย,จุดกำเนิด_หมวดหมู่,น้ำหนัก_กก,ผู้บันทึก
2022-02-17,10:30:00,มูลฝอยรีไซเคิล,ตลับหมึกเครื่องพิมพ์,500.0,นางสุดาวรรณ จุลสุข
2022-02-17,10:30:00,มูลฝอยรีไซเคิล,ตลับหมึกเครื่องพิมพ์,60.0,นางสุดาวรรณ จุลสุข
2022-03-30,10:30:00,มูลฝอยรีไซเคิล,ตลับหมึกเครื่องพิมพ์,50.0,นางสุดาวรรณ จุลสุข
2022-04-20,10:30:00,มูลฝอยรีไซเคิล,กระดาษกล่อง,901.0,นางสุดาวรรณ จุลสุข
2022-04-20,10:30:00,มูลฝอยรีไซเคิล,เศษกระดาษ จับจ๊๊ว,401.0,นางสุดาวรรณ จุลสุข
2022-04-20,10:30:00,มูลฝอยรีไซเคิล,พลาสติกรวม,542.0,นางสุดาวรรณ จุลสุข
2022-04-20,10:30:00,มูลฝอยรีไซเคิล,เหล็ก,33.0,นางสุดาวรรณ จุลสุข
2022-04-20,10:30:00,มูลฝอยรีไซเคิล,อลูมิเนียม,67.0,นางสุดาวรรณ จุลสุข
2022-04-20,10:30:00,มูลฝอยรีไซเคิล,สแตนเลส,4.0,นางสุดาวรรณ จุลสุข
2022-04-20,10:30:00,มูลฝอยรีไซเคิล,ขวดแก้ว,26.0,นางสุดาวรรณ จุลสุข
2022-05-05,10:40:00,มูลฝอยรีไซเคิล,ตลับหมึกเครื่องพิมพ์,9.0,นางสุดาวรรณ จุลสุข
2022-06-08,11:30:00,มูลฝอยรีไซเคิล,กระดาษกล่อง,361.0,นางสุดาวรรณ จุลสุข
2022-06-08,11:30:00,มูลฝอยรีไซเคิล,เศษกระดาษ จับจ๊๊ว,239.0,นางสุดาวรรณ จุลสุข
2022-06-08,11:30:00,มูลฝอยรีไซเคิล,พลาสติกรวม,125.0,นางสุดาวรรณ จุลสุข
2022-06-08,11:30:00,มูลฝอยรีไซเคิล,เหล็ก,269.0,นางสุดาวรรณ จุลสุข
2022-06-08,11:30:00,มูลฝอยรีไซเคิล,อลูมิเนียม,407.0,นางสุดาวรรณ จุลสุข
2022-06-08,11:30:00,มูลฝอยรีไซเคิล,สแตนเลส,37.0,นางสุดาวรรณ จุลสุข
2022-06-08,11:30:00,มูลฝอยรีไซเคิล,ขวดแก้ว,16.0,นางสุดาวรรณ จุลสุข
2022-06-08,11:30:00,มูลฝอยรีไซเคิล,วัสดุอื่นๆ,165.0,นางสุดาวรรณ จุลสุข
2022-06-20,11:30:00,มูลฝอยรีไซเคิล,เหล็ก,56.0,นางสุดาวรรณ จุลสุข
2022-06-20,11:30:00,มูลฝอยรีไซเคิล,อลูมิเนียม,333.0,นางสุดาวรรณ จุลสุข
2022-06-20,11:30:00,มูลฝอยรีไซเคิล,ทองแดง,10.0,นางสุดาวรรณ จุลสุข
2022-06-20,11:30:00,มูลฝอยรีไซเคิล,สังกะสี,9.0,นางสุดาวรรณ จุลสุข
2022-08-05,11:30:00,มูลฝอยรีไซเคิล,กระดาษกล่อง,573.0,นางสุดาวรรณ จุลสุข
2022-08-05,11:30:00,มูลฝอยรีไซเคิล,เศษกระดาษ จับจ๊๊ว,301.0,นางสุดาวรรณ จุลสุข
2022-08-05,11:30:00,มูลฝอยรีไซเคิล,ขวดพลาสติก,9.0,นางสุดาวรรณ จุลสุข
2022-08-05,11:30:00,มูลฝอยรีไซเคิล,พลาสติกรวม,229.0,นางสุดาวรรณ จุลสุข
2022-08-05,11:30:00,มูลฝอยรีไซเคิล,อลูมิเนียม,9.0,นางสุดาวรรณ จุลสุข
2022-08-05,11:30:00,มูลฝอยรีไซเคิล,ขวดแก้ว,34.0,นางสุดาวรรณ จุลสุข
2022-10-15,16:30:00,มูลฝอยทั่วไป,บ้านพักเจ้าหน้าที่ หน้าห้องซ่อมบำรุง,2514.0,นายเจต  ทองแก้ว
2022-10-15,16:30:00,มูลฝอยทั่วไป,จุดพัก ใต้บันได ATM,2310.0,นายเจต  ทองแก้ว
2022-10-15,16:30:00,มูลฝอยทั่วไป,บ้านพักเจ้าหน้าที่ แฟลตปลางทอง,423.0,นายเจต  ทองแก้ว
2022-10-15,16:30:00,มูลฝอยทั่วไป,บ้านพักเจ้าหน้าที่ แฟลตเก่า,451.0,นายเจต  ทองแก้ว
2022-10-15,16:30:00,มูลฝอยทั่วไป,บ้านพักเจ้าหน้าที่ แฟลต 48 ยูนิต,532.0,นายเจต  ทองแก้ว
2022-10-15,16:30:00,มูลฝอยทั่วไป,บ้านพักเจ้าหน้าที่ แฟลตม่านฟ้า,412.0,นายเจต  ทองแก้ว
2022-10-15,16:30:00,มูลฝอยทั่วไป,หน่วยงานยานพาหนะ,462.0,นายเจต  ทองแก้ว
2022-10-15,16:30:00,มูลฝอยทั่วไป,จุดรับส่งพัสดุ เอกชน,523.0,นายเจต  ทองแก้ว
2022-10-15,16:30:00,มูลฝอยอินทรีย์,งานโภชนาการ,189.0,นายเจต  ทองแก้ว
2022-10-31,14:30:00,มูลฝอยอันตราย,หน่วยงานซ่อมบำรุง,35.0,นายเจต  ทองแก้ว
2022-10-31,14:30:00,มูลฝอยอันตราย,หน่วยงาน OR ห้องผ่าตัด,24.0,นายเจต  ทองแก้ว
2022-10-31,14:30:00,มูลฝอยอันตราย,จุดพัก OPD อาคาร 3 ชั้น,60.0,นายเจต  ทองแก้ว
2022-10-31,14:30:00,มูลฝอยอันตราย,จุดพัก ATM,65.0,นายเจต  ทองแก้ว
2022-10-31,14:30:00,มูลฝอยอันตราย,หน่วยงานจ่ายกลาง,16.0,นายเจต  ทองแก้ว
2022-10-31,16:20:00,มูลฝอยทั่วไป,บ้านพักเจ้าหน้าที่ หน้าห้องซ่อมบำรุง,2431.0,นายเจต  ทองแก้ว
2022-10-31,16:20:00,มูลฝอยทั่วไป,จุดพัก ใต้บันได ATM,2231.0,นายเจต  ทองแก้ว
2022-10-31,16:20:00,มูลฝอยทั่วไป,บ้านพักเจ้าหน้าที่ แฟลตปลางทอง,432.0,นายเจต  ทองแก้ว
2022-10-31,16:20:00,มูลฝอยทั่วไป,บ้านพักเจ้าหน้าที่ แฟลตเก่า,442.0,นายเจต  ทองแก้ว
2022-10-31,16:20:00,มูลฝอยทั่วไป,บ้านพักเจ้าหน้าที่ แฟลต 48 ยูนิต,436.0,นายเจต  ทองแก้ว
2022-10-31,16:20:00,มูลฝอยทั่วไป,บ้านพักเจ้าหน้าที่ แฟลตม่านฟ้า,461.0,นายเจต  ทองแก้ว
2022-10-31,16:20:00,มูลฝอยทั่วไป,หน่วยงานยานพาหนะ,420.0,นายเจต  ทองแก้ว
2022-10-31,16:20:00,มูลฝอยทั่วไป,จุดรับส่งพัสดุ เอกชน,532.0,นายเจต  ทองแก้ว
2022-10-31,16:20:00,มูลฝอยอินทรีย์,งานโภชนาการ,192.0,นายเจต  ทองแก้ว
2022-11-15,16:10:00,มูลฝอยทั่วไป,บ้านพักเจ้าหน้าที่ หน้าห้องซ่อมบำรุง,2432.0,นายเจต  ทองแก้ว
2022-11-15,16:10:00,มูลฝอยทั่วไป,จุดพัก ใต้บันได ATM,2156.0,นายเจต  ทองแก้ว
2022-11-15,16:10:00,มูลฝอยทั่วไป,บ้านพักเจ้าหน้าที่ แฟลตปลางทอง,436.0,นายเจต  ทองแก้ว
2022-11-15,16:10:00,มูลฝอยทั่วไป,บ้านพักเจ้าหน้าที่ แฟลตเก่า,451.0,นายเจต  ทองแก้ว
2022-11-15,16:10:00,มูลฝอยทั่วไป,บ้านพักเจ้าหน้าที่ แฟลต 48 ยูนิต,445.0,นายเจต  ทองแก้ว
2022-11-15,16:10:00,มูลฝอยทั่วไป,บ้านพักเจ้าหน้าที่ แฟลตม่านฟ้า,406.0,นายเจต  ทองแก้ว
2022-11-15,16:10:00,มูลฝอยทั่วไป,หน่วยงานยานพาหนะ,433.0,นายเจต  ทองแก้ว
2022-11-15,16:10:00,มูลฝอยทั่วไป,จุดรับส่งพัสดุ เอกชน,542.0,นายเจต  ทองแก้ว
2022-11-15,16:10:00,มูลฝอยอินทรีย์,งานโภชนาการ,189.0,นายเจต  ทองแก้ว
2022-11-30,16:20:00,มูลฝอยทั่วไป,บ้านพักเจ้าหน้าที่ หน้าห้องซ่อมบำรุง,2490.0,นายเจต  ทองแก้ว
2022-11-30,16:20:00,มูลฝอยทั่วไป,จุดพัก ใต้บันได ATM,2144.0,นายเจต  ทองแก้ว
2022-11-30,16:20:00,มูลฝอยทั่วไป,บ้านพักเจ้าหน้าที่ แฟลตปลางทอง,436.0,นายเจต  ทองแก้ว
2022-11-30,16:20:00,มูลฝอยทั่วไป,บ้านพักเจ้าหน้าที่ แฟลตเก่า,374.0,นายเจต  ทองแก้ว
2022-11-30,16:20:00,มูลฝอยทั่วไป,บ้านพักเจ้าหน้าที่ แฟลต 48 ยูนิต,451.0,นายเจต  ทองแก้ว
2022-11-30,16:20:00,มูลฝอยทั่วไป,บ้านพักเจ้าหน้าที่ แฟลตม่านฟ้า,436.0,นายเจต  ทองแก้ว
2022-11-30,16:20:00,มูลฝอยทั่วไป,หน่วยงานยานพาหนะ,371.0,นายเจต  ทองแก้ว
2022-11-30,16:20:00,มูลฝอยทั่วไป,จุดรับส่งพัสดุ เอกชน,531.0,นายเจต  ทองแก้ว
2022-11-30,16:20:00,มูลฝอยอินทรีย์,งานโภชนาการ,186.0,นายเจต  ทองแก้ว
2022-12-15,16:10:00,มูลฝอยทั่วไป,บ้านพักเจ้าหน้าที่ หน้าห้องซ่อมบำรุง,2450.0,นายเจต  ทองแก้ว
2022-12-15,16:10:00,มูลฝอยทั่วไป,จุดพัก ใต้บันได ATM,2206.0,นายเจต  ทองแก้ว
2022-12-15,16:10:00,มูลฝอยทั่วไป,บ้านพักเจ้าหน้าที่ แฟลตปลางทอง,451.0,นายเจต  ทองแก้ว
2022-12-15,16:10:00,มูลฝอยทั่วไป,บ้านพักเจ้าหน้าที่ แฟลตเก่า,420.0,นายเจต  ทองแก้ว
2022-12-15,16:10:00,มูลฝอยทั่วไป,บ้านพักเจ้าหน้าที่ แฟลต 48 ยูนิต,469.0,นายเจต  ทองแก้ว
2022-12-15,16:10:00,มูลฝอยทั่วไป,บ้านพักเจ้าหน้าที่ แฟลตม่านฟ้า,422.0,นายเจต  ทองแก้ว
2022-12-15,16:10:00,มูลฝอยทั่วไป,หน่วยงานยานพาหนะ,458.0,นายเจต  ทองแก้ว
2022-12-15,16:10:00,มูลฝอยทั่วไป,จุดรับส่งพัสดุ เอกชน,542.0,นายเจต  ทองแก้ว
2022-12-15,16:10:00,มูลฝอยอินทรีย์,งานโภชนาการ,198.0,นายเจต  ทองแก้ว
2022-12-21,11:30:00,มูลฝอยรีไซเคิล,กระดาษกล่อง,589.0,นางสุดาวรรณ จุลสุข
2022-12-21,11:30:00,มูลฝอยรีไซเคิล,เศษกระดาษ จับจ๊๊ว,312.0,นางสุดาวรรณ จุลสุข
2022-12-21,11:30:00,มูลฝอยรีไซเคิล,ขวดพลาสติก,18.0,นางสุดาวรรณ จุลสุข
2022-12-21,11:30:00,มูลฝอยรีไซเคิล,พลาสติกรวม,152.0,นางสุดาวรรณ จุลสุข
2022-12-21,11:30:00,มูลฝอยรีไซเคิล,ขวดแก้ว,44.0,นางสุดาวรรณ จุลสุข
2022-12-31,16:30:00,มูลฝอยทั่วไป,บ้านพักเจ้าหน้าที่ หน้าห้องซ่อมบำรุง,2462.0,นายเจต  ทองแก้ว
2022-12-31,16:30:00,มูลฝอยทั่วไป,จุดพัก ใต้บันได ATM,2134.0,นายเจต  ทองแก้ว
2022-12-31,16:30:00,มูลฝอยทั่วไป,บ้านพักเจ้าหน้าที่ แฟลตปลางทอง,442.0,นายเจต  ทองแก้ว
2022-12-31,16:30:00,มูลฝอยทั่วไป,บ้านพักเจ้าหน้าที่ แฟลตเก่า,432.0,นายเจต  ทองแก้ว
2022-12-31,16:30:00,มูลฝอยทั่วไป,บ้านพักเจ้าหน้าที่ แฟลต 48 ยูนิต,453.0,นายเจต  ทองแก้ว
2022-12-31,16:30:00,มูลฝอยทั่วไป,บ้านพักเจ้าหน้าที่ แฟลตม่านฟ้า,433.0,นายเจต  ทองแก้ว
2022-12-31,16:30:00,มูลฝอยทั่วไป,หน่วยงานยานพาหนะ,384.0,นายเจต  ทองแก้ว
2022-12-31,16:30:00,มูลฝอยทั่วไป,จุดรับส่งพัสดุ เอกชน,450.0,นายเจต  ทองแก้ว
2022-12-31,16:30:00,มูลฝอยอินทรีย์,งานโภชนาการ,174.0,นายเจต  ทองแก้ว
2023-01-15,16:06:00,มูลฝอยทั่วไป,บ้านพักเจ้าหน้าที่ หน้าห้องซ่อมบำรุง,2461.0,นายเจต  ทองแก้ว
2023-01-15,16:06:00,มูลฝอยทั่วไป,จุดพัก ใต้บันได ATM,2197.0,นายเจต  ทองแก้ว
2023-01-15,16:06:00,มูลฝอยทั่วไป,บ้านพักเจ้าหน้าที่ แฟลตปลางทอง,452.0,นายเจต  ทองแก้ว
2023-01-15,16:06:00,มูลฝอยทั่วไป,บ้านพักเจ้าหน้าที่ แฟลตเก่า,479.0,นายเจต  ทองแก้ว
2023-01-15,16:06:00,มูลฝอยทั่วไป,บ้านพักเจ้าหน้าที่ แฟลต 48 ยูนิต,531.0,นายเจต  ทองแก้ว
2023-01-15,16:06:00,มูลฝอยทั่วไป,บ้านพักเจ้าหน้าที่ แฟลตม่านฟ้า,462.0,นายเจต  ทองแก้ว
2023-01-15,16:06:00,มูลฝอยทั่วไป,หน่วยงานยานพาหนะ,436.0,นายเจต  ทองแก้ว
2023-01-15,16:06:00,มูลฝอยทั่วไป,จุดรับส่งพัสดุ เอกชน,582.0,นายเจต  ทองแก้ว
2023-01-15,16:06:00,มูลฝอยอินทรีย์,งานโภชนาการ,196.0,นายเจต  ทองแก้ว
2023-01-31,14:30:00,มูลฝอยอันตราย,หน่วยงานซ่อมบำรุง,30.0,นายเจต  ทองแก้ว
2023-01-31,14:30:00,มูลฝอยอันตราย,หน่วยงาน OR ห้องผ่าตัด,20.0,นายเจต  ทองแก้ว
2023-01-31,14:30:00,มูลฝอยอันตราย,จุดพัก OPD อาคาร 3 ชั้น,75.0,นายเจต  ทองแก้ว
2023-01-31,14:30:00,มูลฝอยอันตราย,จุดพัก ATM,65.0,นายเจต  ทองแก้ว
2023-01-31,14:30:00,มูลฝอยอันตราย,หน่วยงานจ่ายกลาง,10.0,นายเจต  ทองแก้ว
2023-01-31,16:09:00,มูลฝอยทั่วไป,บ้านพักเจ้าหน้าที่ หน้าห้องซ่อมบำรุง,2314.0,นายเจต  ทองแก้ว
2023-01-31,16:09:00,มูลฝอยทั่วไป,จุดพัก ใต้บันได ATM,2109.0,นายเจต  ทองแก้ว
2023-01-31,16:09:00,มูลฝอยทั่วไป,บ้านพักเจ้าหน้าที่ แฟลตปลางทอง,453.0,นายเจต  ทองแก้ว
2023-01-31,16:09:00,มูลฝอยทั่วไป,บ้านพักเจ้าหน้าที่ แฟลตเก่า,424.0,นายเจต  ทองแก้ว
2023-01-31,16:09:00,มูลฝอยทั่วไป,บ้านพักเจ้าหน้าที่ แฟลต 48 ยูนิต,541.0,นายเจต  ทองแก้ว
2023-01-31,16:09:00,มูลฝอยทั่วไป,บ้านพักเจ้าหน้าที่ แฟลตม่านฟ้า,431.0,นายเจต  ทองแก้ว
2023-01-31,16:09:00,มูลฝอยทั่วไป,หน่วยงานยานพาหนะ,423.0,นายเจต  ทองแก้ว
2023-01-31,16:09:00,มูลฝอยทั่วไป,จุดรับส่งพัสดุ เอกชน,580.0,นายเจต  ทองแก้ว
2023-01-31,16:09:00,มูลฝอยอินทรีย์,งานโภชนาการ,187.0,นายเจต  ทองแก้ว
2023-02-08,11:40:00,มูลฝอยรีไซเคิล,กระดาษกล่อง,604.0,นางสุดาวรรณ จุลสุข
2023-02-08,11:40:00,มูลฝอยรีไซเคิล,เศษกระดาษ จับจ๊๊ว,178.0,นางสุดาวรรณ จุลสุข
2023-02-08,11:40:00,มูลฝอยรีไซเคิล,ขวดพลาสติก,11.0,นางสุดาวรรณ จุลสุข
2023-02-08,11:40:00,มูลฝอยรีไซเคิล,พลาสติกรวม,171.0,นางสุดาวรรณ จุลสุข
2023-02-08,11:40:00,มูลฝอยรีไซเคิล,เหล็ก,93.0,นางสุดาวรรณ จุลสุข
2023-02-08,11:40:00,มูลฝอยรีไซเคิล,ขวดแก้ว,19.0,นางสุดาวรรณ จุลสุข
2023-02-15,16:14:00,มูลฝอยทั่วไป,บ้านพักเจ้าหน้าที่ หน้าห้องซ่อมบำรุง,2310.0,นายเจต  ทองแก้ว
2023-02-15,16:14:00,มูลฝอยทั่วไป,จุดพัก ใต้บันได ATM,2132.0,นายเจต  ทองแก้ว
2023-02-15,16:14:00,มูลฝอยทั่วไป,บ้านพักเจ้าหน้าที่ แฟลตปลางทอง,462.0,นายเจต  ทองแก้ว
2023-02-15,16:14:00,มูลฝอยทั่วไป,บ้านพักเจ้าหน้าที่ แฟลตเก่า,420.0,นายเจต  ทองแก้ว
2023-02-15,16:14:00,มูลฝอยทั่วไป,บ้านพักเจ้าหน้าที่ แฟลต 48 ยูนิต,453.0,นายเจต  ทองแก้ว
2023-02-15,16:14:00,มูลฝอยทั่วไป,บ้านพักเจ้าหน้าที่ แฟลตม่านฟ้า,321.0,นายเจต  ทองแก้ว
2023-02-15,16:14:00,มูลฝอยทั่วไป,หน่วยงานยานพาหนะ,350.0,นายเจต  ทองแก้ว
2023-02-15,16:14:00,มูลฝอยทั่วไป,จุดรับส่งพัสดุ เอกชน,421.0,นายเจต  ทองแก้ว
2023-02-15,16:14:00,มูลฝอยอินทรีย์,งานโภชนาการ,187.0,นายเจต  ทองแก้ว
2023-02-28,14:30:00,มูลฝอยอันตราย,หน่วยงานซ่อมบำรุง,30.0,นายเจต  ทองแก้ว
2023-02-28,14:30:00,มูลฝอยอันตราย,หน่วยงาน OR ห้องผ่าตัด,10.0,นายเจต  ทองแก้ว
2023-02-28,14:30:00,มูลฝอยอันตราย,จุดพัก OPD อาคาร 3 ชั้น,50.0,นายเจต  ทองแก้ว
2023-02-28,14:30:00,มูลฝอยอันตราย,จุดพัก ATM,50.0,นายเจต  ทองแก้ว
2023-02-28,14:30:00,มูลฝอยอันตราย,หน่วยงานจ่ายกลาง,10.0,นายเจต  ทองแก้ว
2023-02-28,16:30:00,มูลฝอยทั่วไป,บ้านพักเจ้าหน้าที่ หน้าห้องซ่อมบำรุง,2108.0,นายเจต  ทองแก้ว
2023-02-28,16:30:00,มูลฝอยทั่วไป,จุดพัก ใต้บันได ATM,2021.0,นายเจต  ทองแก้ว
2023-02-28,16:30:00,มูลฝอยทั่วไป,บ้านพักเจ้าหน้าที่ แฟลตปลางทอง,324.0,นายเจต  ทองแก้ว
2023-02-28,16:30:00,มูลฝอยทั่วไป,บ้านพักเจ้าหน้าที่ แฟลตเก่า,350.0,นายเจต  ทองแก้ว
2023-02-28,16:30:00,มูลฝอยทั่วไป,บ้านพักเจ้าหน้าที่ แฟลต 48 ยูนิต,451.0,นายเจต  ทองแก้ว
2023-02-28,16:30:00,มูลฝอยทั่วไป,บ้านพักเจ้าหน้าที่ แฟลตม่านฟ้า,312.0,นายเจต  ทองแก้ว
2023-02-28,16:30:00,มูลฝอยทั่วไป,หน่วยงานยานพาหนะ,350.0,นายเจต  ทองแก้ว
2023-02-28,16:30:00,มูลฝอยทั่วไป,จุดรับส่งพัสดุ เอกชน,482.0,นายเจต  ทองแก้ว
2023-02-28,16:30:00,มูลฝอยอินทรีย์,งานโภชนาการ,183.0,นายเจต  ทองแก้ว
2023-03-15,16:09:00,มูลฝอยทั่วไป,บ้านพักเจ้าหน้าที่ หน้าห้องซ่อมบำรุง,2459.0,นายเจต  ทองแก้ว
2023-03-15,16:09:00,มูลฝอยทั่วไป,จุดพัก ใต้บันได ATM,2340.0,นายเจต  ทองแก้ว
2023-03-15,16:09:00,มูลฝอยทั่วไป,บ้านพักเจ้าหน้าที่ แฟลตปลางทอง,452.0,นายเจต  ทองแก้ว
2023-03-15,16:09:00,มูลฝอยทั่วไป,บ้านพักเจ้าหน้าที่ แฟลตเก่า,463.0,นายเจต  ทองแก้ว
2023-03-15,16:09:00,มูลฝอยทั่วไป,บ้านพักเจ้าหน้าที่ แฟลต 48 ยูนิต,562.0,นายเจต  ทองแก้ว
2023-03-15,16:09:00,มูลฝอยทั่วไป,บ้านพักเจ้าหน้าที่ แฟลตม่านฟ้า,472.0,นายเจต  ทองแก้ว
2023-03-15,16:09:00,มูลฝอยทั่วไป,หน่วยงานยานพาหนะ,451.0,นายเจต  ทองแก้ว
2023-03-15,16:09:00,มูลฝอยทั่วไป,จุดรับส่งพัสดุ เอกชน,524.0,นายเจต  ทองแก้ว
2023-03-15,16:09:00,มูลฝอยอินทรีย์,งานโภชนาการ,189.0,นายเจต  ทองแก้ว
2023-03-31,16:25:00,มูลฝอยทั่วไป,บ้านพักเจ้าหน้าที่ หน้าห้องซ่อมบำรุง,2452.0,นายเจต  ทองแก้ว
2023-03-31,16:25:00,มูลฝอยทั่วไป,จุดพัก ใต้บันได ATM,2340.0,นายเจต  ทองแก้ว
2023-03-31,16:25:00,มูลฝอยทั่วไป,บ้านพักเจ้าหน้าที่ แฟลตปลางทอง,452.0,นายเจต  ทองแก้ว
2023-03-31,16:25:00,มูลฝอยทั่วไป,บ้านพักเจ้าหน้าที่ แฟลตเก่า,432.0,นายเจต  ทองแก้ว
2023-03-31,16:25:00,มูลฝอยทั่วไป,บ้านพักเจ้าหน้าที่ แฟลต 48 ยูนิต,560.0,นายเจต  ทองแก้ว
2023-03-31,16:25:00,มูลฝอยทั่วไป,บ้านพักเจ้าหน้าที่ แฟลตม่านฟ้า,437.0,นายเจต  ทองแก้ว
2023-03-31,16:25:00,มูลฝอยทั่วไป,หน่วยงานยานพาหนะ,431.0,นายเจต  ทองแก้ว
2023-03-31,16:25:00,มูลฝอยทั่วไป,จุดรับส่งพัสดุ เอกชน,641.0,นายเจต  ทองแก้ว
2023-03-31,16:25:00,มูลฝอยอินทรีย์,งานโภชนาการ,185.0,นายเจต  ทองแก้ว
2023-04-15,16:05:00,มูลฝอยทั่วไป,บ้านพักเจ้าหน้าที่ หน้าห้องซ่อมบำรุง,2035.0,นายเจต  ทองแก้ว
2023-04-15,16:05:00,มูลฝอยทั่วไป,จุดพัก ใต้บันได ATM,2014.0,นายเจต  ทองแก้ว
2023-04-15,16:05:00,มูลฝอยทั่วไป,บ้านพักเจ้าหน้าที่ แฟลตปลางทอง,320.0,นายเจต  ทองแก้ว
2023-04-15,16:05:00,มูลฝอยทั่วไป,บ้านพักเจ้าหน้าที่ แฟลตเก่า,354.0,นายเจต  ทองแก้ว
2023-04-15,16:05:00,มูลฝอยทั่วไป,บ้านพักเจ้าหน้าที่ แฟลต 48 ยูนิต,460.0,นายเจต  ทองแก้ว
2023-04-15,16:05:00,มูลฝอยทั่วไป,บ้านพักเจ้าหน้าที่ แฟลตม่านฟ้า,341.0,นายเจต  ทองแก้ว
2023-04-15,16:05:00,มูลฝอยทั่วไป,หน่วยงานยานพาหนะ,430.0,นายเจต  ทองแก้ว
2023-04-15,16:05:00,มูลฝอยทั่วไป,จุดรับส่งพัสดุ เอกชน,462.0,นายเจต  ทองแก้ว
2023-04-15,16:05:00,มูลฝอยอินทรีย์,งานโภชนาการ,198.0,นายเจต  ทองแก้ว
2023-04-26,11:40:00,มูลฝอยรีไซเคิล,พลาสติกรวม,293.0,นางสุดาวรรณ จุลสุข
2023-04-26,11:40:00,มูลฝอยรีไซเคิล,เหล็ก,172.0,นางสุดาวรรณ จุลสุข
2023-04-30,14:30:00,มูลฝอยอันตราย,จุดพัก OPD อาคาร 3 ชั้น,43.0,นายเจต  ทองแก้ว
2023-04-30,14:30:00,มูลฝอยอันตราย,จุดพัก ATM,57.0,นายเจต  ทองแก้ว
2023-04-30,16:20:00,มูลฝอยทั่วไป,บ้านพักเจ้าหน้าที่ หน้าห้องซ่อมบำรุง,2130.0,นายเจต  ทองแก้ว
2023-04-30,16:20:00,มูลฝอยทั่วไป,จุดพัก ใต้บันได ATM,2010.0,นายเจต  ทองแก้ว
2023-04-30,16:20:00,มูลฝอยทั่วไป,บ้านพักเจ้าหน้าที่ แฟลตปลางทอง,321.0,นายเจต  ทองแก้ว
2023-04-30,16:20:00,มูลฝอยทั่วไป,บ้านพักเจ้าหน้าที่ แฟลตเก่า,362.0,นายเจต  ทองแก้ว
2023-04-30,16:20:00,มูลฝอยทั่วไป,บ้านพักเจ้าหน้าที่ แฟลต 48 ยูนิต,452.0,นายเจต  ทองแก้ว
2023-04-30,16:20:00,มูลฝอยทั่วไป,บ้านพักเจ้าหน้าที่ แฟลตม่านฟ้า,351.0,นายเจต  ทองแก้ว
2023-04-30,16:20:00,มูลฝอยทั่วไป,หน่วยงานยานพาหนะ,436.0,นายเจต  ทองแก้ว
2023-04-30,16:20:00,มูลฝอยทั่วไป,จุดรับส่งพัสดุ เอกชน,471.0,นายเจต  ทองแก้ว
2023-04-30,16:20:00,มูลฝอยอินทรีย์,งานโภชนาการ,210.0,นายเจต  ทองแก้ว
2023-05-04,11:50:00,มูลฝอยรีไซเคิล,ตลับหมึกเครื่องพิมพ์,10.0,นางสุดาวรรณ จุลสุข
2023-05-15,16:10:00,มูลฝอยทั่วไป,บ้านพักเจ้าหน้าที่ หน้าห้องซ่อมบำรุง,2430.0,นายเจต  ทองแก้ว
2023-05-15,16:10:00,มูลฝอยทั่วไป,จุดพัก ใต้บันได ATM,2354.0,นายเจต  ทองแก้ว
2023-05-15,16:10:00,มูลฝอยทั่วไป,บ้านพักเจ้าหน้าที่ แฟลตปลางทอง,432.0,นายเจต  ทองแก้ว
2023-05-15,16:10:00,มูลฝอยทั่วไป,บ้านพักเจ้าหน้าที่ แฟลตเก่า,451.0,นายเจต  ทองแก้ว
2023-05-15,16:10:00,มูลฝอยทั่วไป,บ้านพักเจ้าหน้าที่ แฟลต 48 ยูนิต,560.0,นายเจต  ทองแก้ว
2023-05-15,16:10:00,มูลฝอยทั่วไป,บ้านพักเจ้าหน้าที่ แฟลตม่านฟ้า,435.0,นายเจต  ทองแก้ว
2023-05-15,16:10:00,มูลฝอยทั่วไป,หน่วยงานยานพาหนะ,436.0,นายเจต  ทองแก้ว
2023-05-15,16:10:00,มูลฝอยทั่วไป,จุดรับส่งพัสดุ เอกชน,550.0,นายเจต  ทองแก้ว
2023-05-15,16:10:00,มูลฝอยอินทรีย์,งานโภชนาการ,192.0,นายเจต  ทองแก้ว
2023-05-18,11:40:00,มูลฝอยรีไซเคิล,กระดาษกล่อง,608.0,นางสุดาวรรณ จุลสุข
2023-05-18,11:40:00,มูลฝอยรีไซเคิล,เศษกระดาษ จับจ๊๊ว,287.0,นางสุดาวรรณ จุลสุข
2023-05-18,11:40:00,มูลฝอยรีไซเคิล,ขวดพลาสติก,1.0,นางสุดาวรรณ จุลสุข
2023-05-18,11:40:00,มูลฝอยรีไซเคิล,พลาสติกรวม,154.0,นางสุดาวรรณ จุลสุข
2023-05-18,11:40:00,มูลฝอยรีไซเคิล,ขวดแก้ว,25.0,นางสุดาวรรณ จุลสุข
2023-05-30,11:50:00,มูลฝอยรีไซเคิล,ตลับหมึกเครื่องพิมพ์,22.0,นางสุดาวรรณ จุลสุข
2023-05-31,16:20:00,มูลฝอยทั่วไป,บ้านพักเจ้าหน้าที่ หน้าห้องซ่อมบำรุง,2541.0,นายเจต  ทองแก้ว
2023-05-31,16:20:00,มูลฝอยทั่วไป,จุดพัก ใต้บันได ATM,2360.0,นายเจต  ทองแก้ว
2023-05-31,16:20:00,มูลฝอยทั่วไป,บ้านพักเจ้าหน้าที่ แฟลตปลางทอง,420.0,นายเจต  ทองแก้ว
2023-05-31,16:20:00,มูลฝอยทั่วไป,บ้านพักเจ้าหน้าที่ แฟลตเก่า,451.0,นายเจต  ทองแก้ว
2023-05-31,16:20:00,มูลฝอยทั่วไป,บ้านพักเจ้าหน้าที่ แฟลต 48 ยูนิต,560.0,นายเจต  ทองแก้ว
2023-05-31,16:20:00,มูลฝอยทั่วไป,บ้านพักเจ้าหน้าที่ แฟลตม่านฟ้า,452.0,นายเจต  ทองแก้ว
2023-05-31,16:20:00,มูลฝอยทั่วไป,หน่วยงานยานพาหนะ,430.0,นายเจต  ทองแก้ว
2023-05-31,16:20:00,มูลฝอยทั่วไป,จุดรับส่งพัสดุ เอกชน,546.0,นายเจต  ทองแก้ว
2023-05-31,16:20:00,มูลฝอยอินทรีย์,งานโภชนาการ,194.0,นายเจต  ทองแก้ว
2023-06-15,16:10:00,มูลฝอยทั่วไป,บ้านพักเจ้าหน้าที่ หน้าห้องซ่อมบำรุง,2472.0,นายเจต  ทองแก้ว
2023-06-15,16:10:00,มูลฝอยทั่วไป,จุดพัก ใต้บันได ATM,2341.0,นายเจต  ทองแก้ว
2023-06-15,16:10:00,มูลฝอยทั่วไป,บ้านพักเจ้าหน้าที่ แฟลตปลางทอง,432.0,นายเจต  ทองแก้ว
2023-06-15,16:10:00,มูลฝอยทั่วไป,บ้านพักเจ้าหน้าที่ แฟลตเก่า,452.0,นายเจต  ทองแก้ว
2023-06-15,16:10:00,มูลฝอยทั่วไป,บ้านพักเจ้าหน้าที่ แฟลต 48 ยูนิต,531.0,นายเจต  ทองแก้ว
2023-06-15,16:10:00,มูลฝอยทั่วไป,บ้านพักเจ้าหน้าที่ แฟลตม่านฟ้า,423.0,นายเจต  ทองแก้ว
2023-06-15,16:10:00,มูลฝอยทั่วไป,หน่วยงานยานพาหนะ,451.0,นายเจต  ทองแก้ว
2023-06-15,16:10:00,มูลฝอยทั่วไป,จุดรับส่งพัสดุ เอกชน,562.0,นายเจต  ทองแก้ว
2023-06-15,16:10:00,มูลฝอยอินทรีย์,งานโภชนาการ,183.0,นายเจต  ทองแก้ว
2023-06-16,11:45:00,มูลฝอยรีไซเคิล,กระดาษกล่อง,2.0,นางสุดาวรรณ จุลสุข
2023-06-16,11:45:00,มูลฝอยรีไซเคิล,เศษกระดาษ จับจ๊๊ว,649.0,นางสุดาวรรณ จุลสุข
2023-06-16,11:45:00,มูลฝอยรีไซเคิล,พลาสติกรวม,87.0,นางสุดาวรรณ จุลสุข
2023-06-16,11:45:00,มูลฝอยรีไซเคิล,วัสดุอื่นๆ,9.0,นางสุดาวรรณ จุลสุข
2023-06-30,16:13:00,มูลฝอยทั่วไป,บ้านพักเจ้าหน้าที่ หน้าห้องซ่อมบำรุง,2430.0,นายเจต  ทองแก้ว
2023-06-30,16:13:00,มูลฝอยทั่วไป,จุดพัก ใต้บันได ATM,2232.0,นายเจต  ทองแก้ว
2023-06-30,16:13:00,มูลฝอยทั่วไป,บ้านพักเจ้าหน้าที่ แฟลตปลางทอง,430.0,นายเจต  ทองแก้ว
2023-06-30,16:13:00,มูลฝอยทั่วไป,บ้านพักเจ้าหน้าที่ แฟลตเก่า,422.0,นายเจต  ทองแก้ว
2023-06-30,16:13:00,มูลฝอยทั่วไป,บ้านพักเจ้าหน้าที่ แฟลต 48 ยูนิต,543.0,นายเจต  ทองแก้ว
2023-06-30,16:13:00,มูลฝอยทั่วไป,บ้านพักเจ้าหน้าที่ แฟลตม่านฟ้า,432.0,นายเจต  ทองแก้ว
2023-06-30,16:13:00,มูลฝอยทั่วไป,หน่วยงานยานพาหนะ,452.0,นายเจต  ทองแก้ว
2023-06-30,16:13:00,มูลฝอยทั่วไป,จุดรับส่งพัสดุ เอกชน,641.0,นายเจต  ทองแก้ว
2023-06-30,16:13:00,มูลฝอยอินทรีย์,งานโภชนาการ,185.0,นายเจต  ทองแก้ว
2023-07-15,16:05:00,มูลฝอยทั่วไป,บ้านพักเจ้าหน้าที่ หน้าห้องซ่อมบำรุง,2450.0,นายเจต  ทองแก้ว
2023-07-15,16:05:00,มูลฝอยทั่วไป,จุดพัก ใต้บันได ATM,2161.0,นายเจต  ทองแก้ว
2023-07-15,16:05:00,มูลฝอยทั่วไป,บ้านพักเจ้าหน้าที่ แฟลตปลางทอง,433.0,นายเจต  ทองแก้ว
2023-07-15,16:05:00,มูลฝอยทั่วไป,บ้านพักเจ้าหน้าที่ แฟลตเก่า,431.0,นายเจต  ทองแก้ว
2023-07-15,16:05:00,มูลฝอยทั่วไป,บ้านพักเจ้าหน้าที่ แฟลต 48 ยูนิต,534.0,นายเจต  ทองแก้ว
2023-07-15,16:05:00,มูลฝอยทั่วไป,บ้านพักเจ้าหน้าที่ แฟลตม่านฟ้า,450.0,นายเจต  ทองแก้ว
2023-07-15,16:05:00,มูลฝอยทั่วไป,หน่วยงานยานพาหนะ,421.0,นายเจต  ทองแก้ว
2023-07-15,16:05:00,มูลฝอยทั่วไป,จุดรับส่งพัสดุ เอกชน,572.0,นายเจต  ทองแก้ว
2023-07-15,16:05:00,มูลฝอยอินทรีย์,งานโภชนาการ,184.0,นายเจต  ทองแก้ว
2023-07-19,11:45:00,มูลฝอยรีไซเคิล,กระดาษกล่อง,934.0,นางสุดาวรรณ จุลสุข
2023-07-19,11:45:00,มูลฝอยรีไซเคิล,เศษกระดาษ จับจ๊๊ว,259.0,นางสุดาวรรณ จุลสุข
2023-07-19,11:45:00,มูลฝอยรีไซเคิล,ขวดพลาสติก,5.0,นางสุดาวรรณ จุลสุข
2023-07-19,11:45:00,มูลฝอยรีไซเคิล,พลาสติกรวม,80.0,นางสุดาวรรณ จุลสุข
2023-07-19,11:45:00,มูลฝอยรีไซเคิล,เหล็ก,7.0,นางสุดาวรรณ จุลสุข
2023-07-19,11:45:00,มูลฝอยรีไซเคิล,ขวดแก้ว,21.0,นางสุดาวรรณ จุลสุข
2023-07-19,11:45:00,มูลฝอยรีไซเคิล,วัสดุอื่นๆ,3.0,นางสุดาวรรณ จุลสุข
2023-07-31,14:30:00,มูลฝอยอันตราย,หน่วยงานซ่อมบำรุง,40.0,นายเจต  ทองแก้ว
2023-07-31,14:30:00,มูลฝอยอันตราย,หน่วยงาน OR ห้องผ่าตัด,20.0,นายเจต  ทองแก้ว
2023-07-31,14:30:00,มูลฝอยอันตราย,จุดพัก OPD อาคาร 3 ชั้น,60.0,นายเจต  ทองแก้ว
2023-07-31,14:30:00,มูลฝอยอันตราย,จุดพัก ATM,65.0,นายเจต  ทองแก้ว
2023-07-31,14:30:00,มูลฝอยอันตราย,หน่วยงานจ่ายกลาง,15.0,นายเจต  ทองแก้ว
2023-07-31,16:15:00,มูลฝอยทั่วไป,บ้านพักเจ้าหน้าที่ หน้าห้องซ่อมบำรุง,2541.0,นายเจต  ทองแก้ว
2023-07-31,16:15:00,มูลฝอยทั่วไป,จุดพัก ใต้บันได ATM,2240.0,นายเจต  ทองแก้ว
2023-07-31,16:15:00,มูลฝอยทั่วไป,บ้านพักเจ้าหน้าที่ แฟลตปลางทอง,452.0,นายเจต  ทองแก้ว
2023-07-31,16:15:00,มูลฝอยทั่วไป,บ้านพักเจ้าหน้าที่ แฟลตเก่า,470.0,นายเจต  ทองแก้ว
2023-07-31,16:15:00,มูลฝอยทั่วไป,บ้านพักเจ้าหน้าที่ แฟลต 48 ยูนิต,561.0,นายเจต  ทองแก้ว
2023-07-31,16:15:00,มูลฝอยทั่วไป,บ้านพักเจ้าหน้าที่ แฟลตม่านฟ้า,430.0,นายเจต  ทองแก้ว
2023-07-31,16:15:00,มูลฝอยทั่วไป,หน่วยงานยานพาหนะ,451.0,นายเจต  ทองแก้ว
2023-07-31,16:15:00,มูลฝอยทั่วไป,จุดรับส่งพัสดุ เอกชน,574.0,นายเจต  ทองแก้ว
2023-07-31,16:15:00,มูลฝอยอินทรีย์,งานโภชนาการ,196.0,นายเจต  ทองแก้ว
2023-08-15,16:30:00,มูลฝอยทั่วไป,บ้านพักเจ้าหน้าที่ หน้าห้องซ่อมบำรุง,2435.0,นายเจต  ทองแก้ว
2023-08-15,16:30:00,มูลฝอยทั่วไป,จุดพัก ใต้บันได ATM,2142.0,นายเจต  ทองแก้ว
2023-08-15,16:30:00,มูลฝอยทั่วไป,บ้านพักเจ้าหน้าที่ แฟลตปลางทอง,433.0,นายเจต  ทองแก้ว
2023-08-15,16:30:00,มูลฝอยทั่วไป,บ้านพักเจ้าหน้าที่ แฟลตเก่า,430.0,นายเจต  ทองแก้ว
2023-08-15,16:30:00,มูลฝอยทั่วไป,บ้านพักเจ้าหน้าที่ แฟลต 48 ยูนิต,531.0,นายเจต  ทองแก้ว
2023-08-15,16:30:00,มูลฝอยทั่วไป,บ้านพักเจ้าหน้าที่ แฟลตม่านฟ้า,460.0,นายเจต  ทองแก้ว
2023-08-15,16:30:00,มูลฝอยทั่วไป,หน่วยงานยานพาหนะ,434.0,นายเจต  ทองแก้ว
2023-08-15,16:30:00,มูลฝอยทั่วไป,จุดรับส่งพัสดุ เอกชน,564.0,นายเจต  ทองแก้ว
2023-08-15,16:30:00,มูลฝอยอินทรีย์,งานโภชนาการ,189.0,นายเจต  ทองแก้ว
2023-08-31,14:30:00,มูลฝอยอันตราย,จุดพัก OPD อาคาร 3 ชั้น,45.0,นายเจต  ทองแก้ว
2023-08-31,14:30:00,มูลฝอยอันตราย,จุดพัก ATM,55.0,นายเจต  ทองแก้ว
2023-08-31,16:12:00,มูลฝอยทั่วไป,บ้านพักเจ้าหน้าที่ หน้าห้องซ่อมบำรุง,2403.0,นายเจต  ทองแก้ว
2023-08-31,16:12:00,มูลฝอยทั่วไป,จุดพัก ใต้บันได ATM,2240.0,นายเจต  ทองแก้ว
2023-08-31,16:12:00,มูลฝอยทั่วไป,บ้านพักเจ้าหน้าที่ แฟลตปลางทอง,432.0,นายเจต  ทองแก้ว
2023-08-31,16:12:00,มูลฝอยทั่วไป,บ้านพักเจ้าหน้าที่ แฟลตเก่า,450.0,นายเจต  ทองแก้ว
2023-08-31,16:12:00,มูลฝอยทั่วไป,บ้านพักเจ้าหน้าที่ แฟลต 48 ยูนิต,531.0,นายเจต  ทองแก้ว
2023-08-31,16:12:00,มูลฝอยทั่วไป,บ้านพักเจ้าหน้าที่ แฟลตม่านฟ้า,432.0,นายเจต  ทองแก้ว
2023-08-31,16:12:00,มูลฝอยทั่วไป,หน่วยงานยานพาหนะ,457.0,นายเจต  ทองแก้ว
2023-08-31,16:12:00,มูลฝอยทั่วไป,จุดรับส่งพัสดุ เอกชน,564.0,นายเจต  ทองแก้ว
2023-08-31,16:12:00,มูลฝอยอินทรีย์,งานโภชนาการ,182.0,นายเจต  ทองแก้ว
2023-09-13,11:50:00,มูลฝอยรีไซเคิล,กระดาษกล่อง,755.0,นางสุดาวรรณ จุลสุข
2023-09-13,11:50:00,มูลฝอยรีไซเคิล,เศษกระดาษ จับจ๊๊ว,346.0,นางสุดาวรรณ จุลสุข
2023-09-13,11:50:00,มูลฝอยรีไซเคิล,ขวดพลาสติก,60.0,นางสุดาวรรณ จุลสุข
2023-09-13,11:50:00,มูลฝอยรีไซเคิล,พลาสติกรวม,148.0,นางสุดาวรรณ จุลสุข
2023-09-13,11:50:00,มูลฝอยรีไซเคิล,เหล็ก,52.0,นางสุดาวรรณ จุลสุข
2023-09-13,11:50:00,มูลฝอยรีไซเคิล,อลูมิเนียม,8.0,นางสุดาวรรณ จุลสุข
2023-09-13,11:50:00,มูลฝอยรีไซเคิล,สังกะสี,26.0,นางสุดาวรรณ จุลสุข
2023-09-13,11:50:00,มูลฝอยรีไซเคิล,ขวดแก้ว,33.0,นางสุดาวรรณ จุลสุข
2023-09-15,16:20:00,มูลฝอยทั่วไป,บ้านพักเจ้าหน้าที่ หน้าห้องซ่อมบำรุง,2541.0,นายเจต  ทองแก้ว
2023-09-15,16:20:00,มูลฝอยทั่วไป,จุดพัก ใต้บันได ATM,2306.0,นายเจต  ทองแก้ว
2023-09-15,16:20:00,มูลฝอยทั่วไป,บ้านพักเจ้าหน้าที่ แฟลตปลางทอง,420.0,นายเจต  ทองแก้ว
2023-09-15,16:20:00,มูลฝอยทั่วไป,บ้านพักเจ้าหน้าที่ แฟลตเก่า,380.0,นายเจต  ทองแก้ว
2023-09-15,16:20:00,มูลฝอยทั่วไป,บ้านพักเจ้าหน้าที่ แฟลต 48 ยูนิต,542.0,นายเจต  ทองแก้ว
2023-09-15,16:20:00,มูลฝอยทั่วไป,บ้านพักเจ้าหน้าที่ แฟลตม่านฟ้า,431.0,นายเจต  ทองแก้ว
2023-09-15,16:20:00,มูลฝอยทั่วไป,หน่วยงานยานพาหนะ,451.0,นายเจต  ทองแก้ว
2023-09-15,16:20:00,มูลฝอยทั่วไป,จุดรับส่งพัสดุ เอกชน,532.0,นายเจต  ทองแก้ว
2023-09-15,16:20:00,มูลฝอยอินทรีย์,งานโภชนาการ,194.0,นายเจต  ทองแก้ว
2023-09-30,16:06:00,มูลฝอยทั่วไป,บ้านพักเจ้าหน้าที่ หน้าห้องซ่อมบำรุง,2430.0,นายเจต  ทองแก้ว
2023-09-30,16:06:00,มูลฝอยทั่วไป,จุดพัก ใต้บันได ATM,2103.0,นายเจต  ทองแก้ว
2023-09-30,16:06:00,มูลฝอยทั่วไป,บ้านพักเจ้าหน้าที่ แฟลตปลางทอง,430.0,นายเจต  ทองแก้ว
2023-09-30,16:06:00,มูลฝอยทั่วไป,บ้านพักเจ้าหน้าที่ แฟลตเก่า,422.0,นายเจต  ทองแก้ว
2023-09-30,16:06:00,มูลฝอยทั่วไป,บ้านพักเจ้าหน้าที่ แฟลต 48 ยูนิต,451.0,นายเจต  ทองแก้ว
2023-09-30,16:06:00,มูลฝอยทั่วไป,บ้านพักเจ้าหน้าที่ แฟลตม่านฟ้า,423.0,นายเจต  ทองแก้ว
2023-09-30,16:06:00,มูลฝอยทั่วไป,หน่วยงานยานพาหนะ,402.0,นายเจต  ทองแก้ว
2023-09-30,16:06:00,มูลฝอยทั่วไป,จุดรับส่งพัสดุ เอกชน,523.0,นายเจต  ทองแก้ว
2023-09-30,16:06:00,มูลฝอยอินทรีย์,งานโภชนาการ,192.0,นายเจต  ทองแก้ว
2023-10-15,16:20:00,มูลฝอยทั่วไป,บ้านพักเจ้าหน้าที่ หน้าห้องซ่อมบำรุง,2520.0,นายเจต  ทองแก้ว
2023-10-15,16:20:00,มูลฝอยทั่วไป,จุดพัก ใต้บันได ATM,2133.0,นายเจต  ทองแก้ว
2023-10-15,16:20:00,มูลฝอยทั่วไป,บ้านพักเจ้าหน้าที่ แฟลตปลางทอง,458.0,นายเจต  ทองแก้ว
2023-10-15,16:20:00,มูลฝอยทั่วไป,บ้านพักเจ้าหน้าที่ แฟลตเก่า,431.0,นายเจต  ทองแก้ว
2023-10-15,16:20:00,มูลฝอยทั่วไป,บ้านพักเจ้าหน้าที่ แฟลต 48 ยูนิต,560.0,นายเจต  ทองแก้ว
2023-10-15,16:20:00,มูลฝอยทั่วไป,บ้านพักเจ้าหน้าที่ แฟลตม่านฟ้า,461.0,นายเจต  ทองแก้ว
2023-10-15,16:20:00,มูลฝอยทั่วไป,หน่วยงานยานพาหนะ,432.0,นายเจต  ทองแก้ว
2023-10-15,16:20:00,มูลฝอยทั่วไป,จุดรับส่งพัสดุ เอกชน,498.0,นายเจต  ทองแก้ว
2023-10-15,16:20:00,มูลฝอยอินทรีย์,งานโภชนาการ,197.0,นายเจต  ทองแก้ว
2023-10-31,16:25:00,มูลฝอยทั่วไป,บ้านพักเจ้าหน้าที่ หน้าห้องซ่อมบำรุง,2431.0,นายเจต  ทองแก้ว
2023-10-31,16:25:00,มูลฝอยทั่วไป,จุดพัก ใต้บันได ATM,2071.0,นายเจต  ทองแก้ว
2023-10-31,16:25:00,มูลฝอยทั่วไป,บ้านพักเจ้าหน้าที่ แฟลตปลางทอง,450.0,นายเจต  ทองแก้ว
2023-10-31,16:25:00,มูลฝอยทั่วไป,บ้านพักเจ้าหน้าที่ แฟลตเก่า,436.0,นายเจต  ทองแก้ว
2023-10-31,16:25:00,มูลฝอยทั่วไป,บ้านพักเจ้าหน้าที่ แฟลต 48 ยูนิต,512.0,นายเจต  ทองแก้ว
2023-10-31,16:25:00,มูลฝอยทั่วไป,บ้านพักเจ้าหน้าที่ แฟลตม่านฟ้า,431.0,นายเจต  ทองแก้ว
2023-10-31,16:25:00,มูลฝอยทั่วไป,หน่วยงานยานพาหนะ,422.0,นายเจต  ทองแก้ว
2023-10-31,16:25:00,มูลฝอยทั่วไป,จุดรับส่งพัสดุ เอกชน,544.0,นายเจต  ทองแก้ว
2023-10-31,16:25:00,มูลฝอยอินทรีย์,งานโภชนาการ,201.0,นายเจต  ทองแก้ว
2023-11-02,11:50:00,มูลฝอยรีไซเคิล,กระดาษกล่อง,690.0,นางสุดาวรรณ จุลสุข
2023-11-02,11:50:00,มูลฝอยรีไซเคิล,เศษกระดาษ จับจ๊๊ว,343.0,นางสุดาวรรณ จุลสุข
2023-11-02,11:50:00,มูลฝอยรีไซเคิล,ขวดพลาสติก,25.0,นางสุดาวรรณ จุลสุข
2023-11-02,11:50:00,มูลฝอยรีไซเคิล,พลาสติกรวม,158.0,นางสุดาวรรณ จุลสุข
2023-11-02,11:50:00,มูลฝอยรีไซเคิล,เหล็ก,155.0,นางสุดาวรรณ จุลสุข
2023-11-02,11:50:00,มูลฝอยรีไซเคิล,ขวดแก้ว,73.0,นางสุดาวรรณ จุลสุข
2023-11-15,16:30:00,มูลฝอยทั่วไป,บ้านพักเจ้าหน้าที่ หน้าห้องซ่อมบำรุง,2503.0,นายเจต  ทองแก้ว
2023-11-15,16:30:00,มูลฝอยทั่วไป,จุดพัก ใต้บันได ATM,2320.0,นายเจต  ทองแก้ว
2023-11-15,16:30:00,มูลฝอยทั่วไป,บ้านพักเจ้าหน้าที่ แฟลตปลางทอง,431.0,นายเจต  ทองแก้ว
2023-11-15,16:30:00,มูลฝอยทั่วไป,บ้านพักเจ้าหน้าที่ แฟลตเก่า,422.0,นายเจต  ทองแก้ว
2023-11-15,16:30:00,มูลฝอยทั่วไป,บ้านพักเจ้าหน้าที่ แฟลต 48 ยูนิต,452.0,นายเจต  ทองแก้ว
2023-11-15,16:30:00,มูลฝอยทั่วไป,บ้านพักเจ้าหน้าที่ แฟลตม่านฟ้า,407.0,นายเจต  ทองแก้ว
2023-11-15,16:30:00,มูลฝอยทั่วไป,หน่วยงานยานพาหนะ,441.0,นายเจต  ทองแก้ว
2023-11-15,16:30:00,มูลฝอยทั่วไป,จุดรับส่งพัสดุ เอกชน,452.0,นายเจต  ทองแก้ว
2023-11-15,16:30:00,มูลฝอยอินทรีย์,งานโภชนาการ,187.0,นายเจต  ทองแก้ว
2023-11-29,11:50:00,มูลฝอยรีไซเคิล,ตลับหมึกเครื่องพิมพ์,10.0,นางสุดาวรรณ จุลสุข
2023-11-30,16:20:00,มูลฝอยทั่วไป,บ้านพักเจ้าหน้าที่ หน้าห้องซ่อมบำรุง,2520.0,นายเจต  ทองแก้ว
2023-11-30,16:20:00,มูลฝอยทั่วไป,จุดพัก ใต้บันได ATM,2206.0,นายเจต  ทองแก้ว
2023-11-30,16:20:00,มูลฝอยทั่วไป,บ้านพักเจ้าหน้าที่ แฟลตปลางทอง,460.0,นายเจต  ทองแก้ว
2023-11-30,16:20:00,มูลฝอยทั่วไป,บ้านพักเจ้าหน้าที่ แฟลตเก่า,433.0,นายเจต  ทองแก้ว
2023-11-30,16:20:00,มูลฝอยทั่วไป,บ้านพักเจ้าหน้าที่ แฟลต 48 ยูนิต,537.0,นายเจต  ทองแก้ว
2023-11-30,16:20:00,มูลฝอยทั่วไป,บ้านพักเจ้าหน้าที่ แฟลตม่านฟ้า,420.0,นายเจต  ทองแก้ว
2023-11-30,16:20:00,มูลฝอยทั่วไป,หน่วยงานยานพาหนะ,440.0,นายเจต  ทองแก้ว
2023-11-30,16:20:00,มูลฝอยทั่วไป,จุดรับส่งพัสดุ เอกชน,531.0,นายเจต  ทองแก้ว
2023-11-30,16:20:00,มูลฝอยอินทรีย์,งานโภชนาการ,197.0,นายเจต  ทองแก้ว
2023-12-14,11:50:00,มูลฝอยรีไซเคิล,เศษกระดาษ จับจ๊๊ว,217.0,นางสุดาวรรณ จุลสุข
2023-12-14,11:50:00,มูลฝอยรีไซเคิล,ขวดพลาสติก,4.0,นางสุดาวรรณ จุลสุข
2023-12-14,11:50:00,มูลฝอยรีไซเคิล,พลาสติกรวม,167.0,นางสุดาวรรณ จุลสุข
2023-12-14,11:50:00,มูลฝอยรีไซเคิล,เหล็ก,334.0,นางสุดาวรรณ จุลสุข
2023-12-14,11:50:00,มูลฝอยรีไซเคิล,ขวดแก้ว,24.0,นางสุดาวรรณ จุลสุข
2023-12-15,16:20:00,มูลฝอยทั่วไป,บ้านพักเจ้าหน้าที่ หน้าห้องซ่อมบำรุง,2310.0,นายเจต  ทองแก้ว
2023-12-15,16:20:00,มูลฝอยทั่วไป,จุดพัก ใต้บันได ATM,2117.0,นายเจต  ทองแก้ว
2023-12-15,16:20:00,มูลฝอยทั่วไป,บ้านพักเจ้าหน้าที่ แฟลตปลางทอง,392.0,นายเจต  ทองแก้ว
2023-12-15,16:20:00,มูลฝอยทั่วไป,บ้านพักเจ้าหน้าที่ แฟลตเก่า,434.0,นายเจต  ทองแก้ว
2023-12-15,16:20:00,มูลฝอยทั่วไป,บ้านพักเจ้าหน้าที่ แฟลต 48 ยูนิต,462.0,นายเจต  ทองแก้ว
2023-12-15,16:20:00,มูลฝอยทั่วไป,บ้านพักเจ้าหน้าที่ แฟลตม่านฟ้า,460.0,นายเจต  ทองแก้ว
2023-12-15,16:20:00,มูลฝอยทั่วไป,หน่วยงานยานพาหนะ,380.0,นายเจต  ทองแก้ว
2023-12-15,16:20:00,มูลฝอยทั่วไป,จุดรับส่งพัสดุ เอกชน,523.0,นายเจต  ทองแก้ว
2023-12-15,16:20:00,มูลฝอยอินทรีย์,งานโภชนาการ,189.0,นายเจต  ทองแก้ว
2023-12-31,16:10:00,มูลฝอยทั่วไป,บ้านพักเจ้าหน้าที่ หน้าห้องซ่อมบำรุง,2420.0,นายเจต  ทองแก้ว
2023-12-31,16:10:00,มูลฝอยทั่วไป,จุดพัก ใต้บันได ATM,2209.0,นายเจต  ทองแก้ว
2023-12-31,16:10:00,มูลฝอยทั่วไป,บ้านพักเจ้าหน้าที่ แฟลตปลางทอง,361.0,นายเจต  ทองแก้ว
2023-12-31,16:10:00,มูลฝอยทั่วไป,บ้านพักเจ้าหน้าที่ แฟลตเก่า,342.0,นายเจต  ทองแก้ว
2023-12-31,16:10:00,มูลฝอยทั่วไป,บ้านพักเจ้าหน้าที่ แฟลต 48 ยูนิต,432.0,นายเจต  ทองแก้ว
2023-12-31,16:10:00,มูลฝอยทั่วไป,บ้านพักเจ้าหน้าที่ แฟลตม่านฟ้า,361.0,นายเจต  ทองแก้ว
2023-12-31,16:10:00,มูลฝอยทั่วไป,หน่วยงานยานพาหนะ,382.0,นายเจต  ทองแก้ว
2023-12-31,16:10:00,มูลฝอยทั่วไป,จุดรับส่งพัสดุ เอกชน,450.0,นายเจต  ทองแก้ว
2023-12-31,16:10:00,มูลฝอยอินทรีย์,งานโภชนาการ,192.0,นายเจต  ทองแก้ว
2024-01-15,16:05:00,มูลฝอยทั่วไป,บ้านพักเจ้าหน้าที่ หน้าห้องซ่อมบำรุง,2241.0,นายเจต  ทองแก้ว
2024-01-15,16:05:00,มูลฝอยทั่วไป,จุดพัก ใต้บันได ATM,2130.0,นายเจต  ทองแก้ว
2024-01-15,16:05:00,มูลฝอยทั่วไป,บ้านพักเจ้าหน้าที่ แฟลตปลางทอง,474.0,นายเจต  ทองแก้ว
2024-01-15,16:05:00,มูลฝอยทั่วไป,บ้านพักเจ้าหน้าที่ แฟลตเก่า,420.0,นายเจต  ทองแก้ว
2024-01-15,16:05:00,มูลฝอยทั่วไป,บ้านพักเจ้าหน้าที่ แฟลต 48 ยูนิต,521.0,นายเจต  ทองแก้ว
2024-01-15,16:05:00,มูลฝอยทั่วไป,บ้านพักเจ้าหน้าที่ แฟลตม่านฟ้า,432.0,นายเจต  ทองแก้ว
2024-01-15,16:05:00,มูลฝอยทั่วไป,หน่วยงานยานพาหนะ,453.0,นายเจต  ทองแก้ว
2024-01-15,16:05:00,มูลฝอยทั่วไป,จุดรับส่งพัสดุ เอกชน,532.0,นายเจต  ทองแก้ว
2024-01-15,16:05:00,มูลฝอยอินทรีย์,งานโภชนาการ,191.0,นายเจต  ทองแก้ว
2024-01-24,10:00:00,มูลฝอยรีไซเคิล,กระดาษกล่อง,633.0,นางสุดาวรรณ จุลสุข
2024-01-24,10:00:00,มูลฝอยรีไซเคิล,เศษกระดาษ จับจ๊๊ว,192.0,นางสุดาวรรณ จุลสุข
2024-01-24,10:00:00,มูลฝอยรีไซเคิล,ขวดพลาสติก,10.0,นางสุดาวรรณ จุลสุข
2024-01-24,10:00:00,มูลฝอยรีไซเคิล,พลาสติกรวม,167.0,นางสุดาวรรณ จุลสุข
2024-01-24,10:00:00,มูลฝอยรีไซเคิล,ขวดแก้ว,26.0,นางสุดาวรรณ จุลสุข
2024-01-24,10:00:00,มูลฝอยรีไซเคิล,วัสดุอื่นๆ,9.0,นางสุดาวรรณ จุลสุข
2024-01-31,14:30:00,มูลฝอยอันตราย,หน่วยงานซ่อมบำรุง,36.0,นายเจต  ทองแก้ว
2024-01-31,14:30:00,มูลฝอยอันตราย,จุดพัก OPD อาคาร 3 ชั้น,50.0,นายเจต  ทองแก้ว
2024-01-31,14:30:00,มูลฝอยอันตราย,จุดพัก ATM,54.0,นายเจต  ทองแก้ว
2024-01-31,16:12:00,มูลฝอยทั่วไป,บ้านพักเจ้าหน้าที่ หน้าห้องซ่อมบำรุง,2341.0,นายเจต  ทองแก้ว
2024-01-31,16:12:00,มูลฝอยทั่วไป,จุดพัก ใต้บันได ATM,2066.0,นายเจต  ทองแก้ว
2024-01-31,16:12:00,มูลฝอยทั่วไป,บ้านพักเจ้าหน้าที่ แฟลตปลางทอง,431.0,นายเจต  ทองแก้ว
2024-01-31,16:12:00,มูลฝอยทั่วไป,บ้านพักเจ้าหน้าที่ แฟลตเก่า,442.0,นายเจต  ทองแก้ว
2024-01-31,16:12:00,มูลฝอยทั่วไป,บ้านพักเจ้าหน้าที่ แฟลต 48 ยูนิต,476.0,นายเจต  ทองแก้ว
2024-01-31,16:12:00,มูลฝอยทั่วไป,บ้านพักเจ้าหน้าที่ แฟลตม่านฟ้า,433.0,นายเจต  ทองแก้ว
2024-01-31,16:12:00,มูลฝอยทั่วไป,หน่วยงานยานพาหนะ,423.0,นายเจต  ทองแก้ว
2024-01-31,16:12:00,มูลฝอยทั่วไป,จุดรับส่งพัสดุ เอกชน,561.0,นายเจต  ทองแก้ว
2024-01-31,16:12:00,มูลฝอยอินทรีย์,งานโภชนาการ,185.0,นายเจต  ทองแก้ว
2024-02-15,16:25:00,มูลฝอยทั่วไป,บ้านพักเจ้าหน้าที่ หน้าห้องซ่อมบำรุง,2461.0,นายเจต  ทองแก้ว
2024-02-15,16:25:00,มูลฝอยทั่วไป,จุดพัก ใต้บันได ATM,2195.0,นายเจต  ทองแก้ว
2024-02-15,16:25:00,มูลฝอยทั่วไป,บ้านพักเจ้าหน้าที่ แฟลตปลางทอง,433.0,นายเจต  ทองแก้ว
2024-02-15,16:25:00,มูลฝอยทั่วไป,บ้านพักเจ้าหน้าที่ แฟลตเก่า,457.0,นายเจต  ทองแก้ว
2024-02-15,16:25:00,มูลฝอยทั่วไป,บ้านพักเจ้าหน้าที่ แฟลต 48 ยูนิต,453.0,นายเจต  ทองแก้ว
2024-02-15,16:25:00,มูลฝอยทั่วไป,บ้านพักเจ้าหน้าที่ แฟลตม่านฟ้า,431.0,นายเจต  ทองแก้ว
2024-02-15,16:25:00,มูลฝอยทั่วไป,หน่วยงานยานพาหนะ,442.0,นายเจต  ทองแก้ว
2024-02-15,16:25:00,มูลฝอยทั่วไป,จุดรับส่งพัสดุ เอกชน,623.0,นายเจต  ทองแก้ว
2024-02-15,16:25:00,มูลฝอยอินทรีย์,งานโภชนาการ,210.0,นายเจต  ทองแก้ว
2024-02-19,10:30:00,มูลฝอยรีไซเคิล,เหล็ก,586.0,นางสุดาวรรณ จุลสุข
2024-02-19,10:30:00,มูลฝอยรีไซเคิล,อลูมิเนียม,18.0,นางสุดาวรรณ จุลสุข
2024-02-28,11:00:00,มูลฝอยรีไซเคิล,ตลับหมึกเครื่องพิมพ์,20.0,นางสุดาวรรณ จุลสุข
2024-02-29,10:00:00,มูลฝอยรีไซเคิล,กระดาษกล่อง,844.0,นางสุดาวรรณ จุลสุข
2024-02-29,10:00:00,มูลฝอยรีไซเคิล,เศษกระดาษ จับจ๊๊ว,195.0,นางสุดาวรรณ จุลสุข
2024-02-29,10:00:00,มูลฝอยรีไซเคิล,ขวดพลาสติก,8.0,นางสุดาวรรณ จุลสุข
2024-02-29,10:00:00,มูลฝอยรีไซเคิล,พลาสติกรวม,88.0,นางสุดาวรรณ จุลสุข
2024-02-29,10:00:00,มูลฝอยรีไซเคิล,เหล็ก,62.0,นางสุดาวรรณ จุลสุข
2024-02-29,10:00:00,มูลฝอยรีไซเคิล,ขวดแก้ว,20.0,นางสุดาวรรณ จุลสุข
2024-02-29,14:30:00,มูลฝอยอันตราย,หน่วยงาน OR ห้องผ่าตัด,4.0,นายเจต  ทองแก้ว
2024-02-29,14:30:00,มูลฝอยอันตราย,จุดพัก OPD อาคาร 3 ชั้น,71.0,นายเจต  ทองแก้ว
2024-02-29,14:30:00,มูลฝอยอันตราย,จุดพัก ATM,79.0,นายเจต  ทองแก้ว
2024-02-29,16:20:00,มูลฝอยทั่วไป,บ้านพักเจ้าหน้าที่ หน้าห้องซ่อมบำรุง,2043.0,นายเจต  ทองแก้ว
2024-02-29,16:20:00,มูลฝอยทั่วไป,จุดพัก ใต้บันได ATM,1980.0,นายเจต  ทองแก้ว
2024-02-29,16:20:00,มูลฝอยทั่วไป,บ้านพักเจ้าหน้าที่ แฟลตปลางทอง,341.0,นายเจต  ทองแก้ว
2024-02-29,16:20:00,มูลฝอยทั่วไป,บ้านพักเจ้าหน้าที่ แฟลตเก่า,428.0,นายเจต  ทองแก้ว
2024-02-29,16:20:00,มูลฝอยทั่วไป,บ้านพักเจ้าหน้าที่ แฟลต 48 ยูนิต,432.0,นายเจต  ทองแก้ว
2024-02-29,16:20:00,มูลฝอยทั่วไป,บ้านพักเจ้าหน้าที่ แฟลตม่านฟ้า,352.0,นายเจต  ทองแก้ว
2024-02-29,16:20:00,มูลฝอยทั่วไป,หน่วยงานยานพาหนะ,324.0,นายเจต  ทองแก้ว
2024-02-29,16:20:00,มูลฝอยทั่วไป,จุดรับส่งพัสดุ เอกชน,422.0,นายเจต  ทองแก้ว
2024-02-29,16:20:00,มูลฝอยอินทรีย์,งานโภชนาการ,162.0,นายเจต  ทองแก้ว
2024-03-15,16:08:00,มูลฝอยทั่วไป,บ้านพักเจ้าหน้าที่ หน้าห้องซ่อมบำรุง,2541.0,นายเจต  ทองแก้ว
2024-03-15,16:08:00,มูลฝอยทั่วไป,จุดพัก ใต้บันได ATM,2340.0,นายเจต  ทองแก้ว
2024-03-15,16:08:00,มูลฝอยทั่วไป,บ้านพักเจ้าหน้าที่ แฟลตปลางทอง,430.0,นายเจต  ทองแก้ว
2024-03-15,16:08:00,มูลฝอยทั่วไป,บ้านพักเจ้าหน้าที่ แฟลตเก่า,451.0,นายเจต  ทองแก้ว
2024-03-15,16:08:00,มูลฝอยทั่วไป,บ้านพักเจ้าหน้าที่ แฟลต 48 ยูนิต,530.0,นายเจต  ทองแก้ว
2024-03-15,16:08:00,มูลฝอยทั่วไป,บ้านพักเจ้าหน้าที่ แฟลตม่านฟ้า,433.0,นายเจต  ทองแก้ว
2024-03-15,16:08:00,มูลฝอยทั่วไป,หน่วยงานยานพาหนะ,420.0,นายเจต  ทองแก้ว
2024-03-15,16:08:00,มูลฝอยทั่วไป,จุดรับส่งพัสดุ เอกชน,554.0,นายเจต  ทองแก้ว
2024-03-15,16:08:00,มูลฝอยอินทรีย์,งานโภชนาการ,187.0,นายเจต  ทองแก้ว
2024-03-31,14:30:00,มูลฝอยอันตราย,หน่วยงานซ่อมบำรุง,40.0,นายเจต  ทองแก้ว
2024-03-31,14:30:00,มูลฝอยอันตราย,จุดพัก OPD อาคาร 3 ชั้น,83.0,นายเจต  ทองแก้ว
2024-03-31,14:30:00,มูลฝอยอันตราย,จุดพัก ATM,64.0,นายเจต  ทองแก้ว
2024-03-31,14:30:00,มูลฝอยอันตราย,หน่วยงานจ่ายกลาง,3.0,นายเจต  ทองแก้ว
2024-03-31,16:06:00,มูลฝอยทั่วไป,บ้านพักเจ้าหน้าที่ หน้าห้องซ่อมบำรุง,2321.0,นายเจต  ทองแก้ว
2024-03-31,16:06:00,มูลฝอยทั่วไป,จุดพัก ใต้บันได ATM,2214.0,นายเจต  ทองแก้ว
2024-03-31,16:06:00,มูลฝอยทั่วไป,บ้านพักเจ้าหน้าที่ แฟลตปลางทอง,453.0,นายเจต  ทองแก้ว
2024-03-31,16:06:00,มูลฝอยทั่วไป,บ้านพักเจ้าหน้าที่ แฟลตเก่า,431.0,นายเจต  ทองแก้ว
2024-03-31,16:06:00,มูลฝอยทั่วไป,บ้านพักเจ้าหน้าที่ แฟลต 48 ยูนิต,452.0,นายเจต  ทองแก้ว
2024-03-31,16:06:00,มูลฝอยทั่วไป,บ้านพักเจ้าหน้าที่ แฟลตม่านฟ้า,436.0,นายเจต  ทองแก้ว
2024-03-31,16:06:00,มูลฝอยทั่วไป,หน่วยงานยานพาหนะ,471.0,นายเจต  ทองแก้ว
2024-03-31,16:06:00,มูลฝอยทั่วไป,จุดรับส่งพัสดุ เอกชน,580.0,นายเจต  ทองแก้ว
2024-03-31,16:06:00,มูลฝอยอินทรีย์,งานโภชนาการ,183.0,นายเจต  ทองแก้ว
2024-04-10,11:00:00,มูลฝอยรีไซเคิล,เศษกระดาษ จับจ๊๊ว,138.0,นางสุดาวรรณ จุลสุข
2024-04-10,11:00:00,มูลฝอยรีไซเคิล,ขวดพลาสติก,38.0,นางสุดาวรรณ จุลสุข
2024-04-10,11:00:00,มูลฝอยรีไซเคิล,พลาสติกรวม,85.0,นางสุดาวรรณ จุลสุข
2024-04-10,11:00:00,มูลฝอยรีไซเคิล,เหล็ก,176.0,นางสุดาวรรณ จุลสุข
2024-04-10,11:00:00,มูลฝอยรีไซเคิล,ขวดแก้ว,45.0,นางสุดาวรรณ จุลสุข
2024-04-15,16:14:00,มูลฝอยทั่วไป,บ้านพักเจ้าหน้าที่ หน้าห้องซ่อมบำรุง,2350.0,นายเจต  ทองแก้ว
2024-04-15,16:14:00,มูลฝอยทั่วไป,จุดพัก ใต้บันได ATM,2241.0,นายเจต  ทองแก้ว
2024-04-15,16:14:00,มูลฝอยทั่วไป,บ้านพักเจ้าหน้าที่ แฟลตปลางทอง,380.0,นายเจต  ทองแก้ว
2024-04-15,16:14:00,มูลฝอยทั่วไป,บ้านพักเจ้าหน้าที่ แฟลตเก่า,351.0,นายเจต  ทองแก้ว
2024-04-15,16:14:00,มูลฝอยทั่วไป,บ้านพักเจ้าหน้าที่ แฟลต 48 ยูนิต,346.0,นายเจต  ทองแก้ว
2024-04-15,16:14:00,มูลฝอยทั่วไป,บ้านพักเจ้าหน้าที่ แฟลตม่านฟ้า,364.0,นายเจต  ทองแก้ว
2024-04-15,16:14:00,มูลฝอยทั่วไป,หน่วยงานยานพาหนะ,457.0,นายเจต  ทองแก้ว
2024-04-15,16:14:00,มูลฝอยทั่วไป,จุดรับส่งพัสดุ เอกชน,520.0,นายเจต  ทองแก้ว
2024-04-15,16:14:00,มูลฝอยอินทรีย์,งานโภชนาการ,194.0,นายเจต  ทองแก้ว
2024-04-30,14:30:00,มูลฝอยอันตราย,จุดพัก OPD อาคาร 3 ชั้น,50.0,นายเจต  ทองแก้ว
2024-04-30,14:30:00,มูลฝอยอันตราย,จุดพัก ATM,55.0,นายเจต  ทองแก้ว
2024-04-30,16:05:00,มูลฝอยทั่วไป,บ้านพักเจ้าหน้าที่ หน้าห้องซ่อมบำรุง,2128.0,นายเจต  ทองแก้ว
2024-04-30,16:05:00,มูลฝอยทั่วไป,จุดพัก ใต้บันได ATM,2035.0,นายเจต  ทองแก้ว
2024-04-30,16:05:00,มูลฝอยทั่วไป,บ้านพักเจ้าหน้าที่ แฟลตปลางทอง,423.0,นายเจต  ทองแก้ว
2024-04-30,16:05:00,มูลฝอยทั่วไป,บ้านพักเจ้าหน้าที่ แฟลตเก่า,352.0,นายเจต  ทองแก้ว
2024-04-30,16:05:00,มูลฝอยทั่วไป,บ้านพักเจ้าหน้าที่ แฟลต 48 ยูนิต,453.0,นายเจต  ทองแก้ว
2024-04-30,16:05:00,มูลฝอยทั่วไป,บ้านพักเจ้าหน้าที่ แฟลตม่านฟ้า,541.0,นายเจต  ทองแก้ว
2024-04-30,16:05:00,มูลฝอยทั่วไป,หน่วยงานยานพาหนะ,432.0,นายเจต  ทองแก้ว
2024-04-30,16:05:00,มูลฝอยทั่วไป,จุดรับส่งพัสดุ เอกชน,621.0,นายเจต  ทองแก้ว
2024-04-30,16:05:00,มูลฝอยอินทรีย์,งานโภชนาการ,180.0,นายเจต  ทองแก้ว
2024-05-15,16:13:00,มูลฝอยทั่วไป,บ้านพักเจ้าหน้าที่ หน้าห้องซ่อมบำรุง,2434.0,นายเจต  ทองแก้ว
2024-05-15,16:13:00,มูลฝอยทั่วไป,จุดพัก ใต้บันได ATM,2130.0,นายเจต  ทองแก้ว
2024-05-15,16:13:00,มูลฝอยทั่วไป,บ้านพักเจ้าหน้าที่ แฟลตปลางทอง,430.0,นายเจต  ทองแก้ว
2024-05-15,16:13:00,มูลฝอยทั่วไป,บ้านพักเจ้าหน้าที่ แฟลตเก่า,452.0,นายเจต  ทองแก้ว
2024-05-15,16:13:00,มูลฝอยทั่วไป,บ้านพักเจ้าหน้าที่ แฟลต 48 ยูนิต,521.0,นายเจต  ทองแก้ว
2024-05-15,16:13:00,มูลฝอยทั่วไป,บ้านพักเจ้าหน้าที่ แฟลตม่านฟ้า,452.0,นายเจต  ทองแก้ว
2024-05-15,16:13:00,มูลฝอยทั่วไป,หน่วยงานยานพาหนะ,432.0,นายเจต  ทองแก้ว
2024-05-15,16:13:00,มูลฝอยทั่วไป,จุดรับส่งพัสดุ เอกชน,562.0,นายเจต  ทองแก้ว
2024-05-15,16:13:00,มูลฝอยอินทรีย์,งานโภชนาการ,183.0,นายเจต  ทองแก้ว
2024-05-28,10:00:00,มูลฝอยรีไซเคิล,เศษกระดาษ จับจ๊๊ว,235.0,นางสุดาวรรณ จุลสุข
2024-05-28,10:00:00,มูลฝอยรีไซเคิล,ขวดพลาสติก,23.0,นางสุดาวรรณ จุลสุข
2024-05-28,10:00:00,มูลฝอยรีไซเคิล,พลาสติกรวม,121.0,นางสุดาวรรณ จุลสุข
2024-05-28,10:00:00,มูลฝอยรีไซเคิล,ขวดแก้ว,25.0,นางสุดาวรรณ จุลสุข
2024-05-31,14:30:00,มูลฝอยอันตราย,จุดพัก OPD อาคาร 3 ชั้น,70.0,นายเจต  ทองแก้ว
2024-05-31,14:30:00,มูลฝอยอันตราย,จุดพัก ATM,73.0,นายเจต  ทองแก้ว
2024-05-31,16:21:00,มูลฝอยทั่วไป,บ้านพักเจ้าหน้าที่ หน้าห้องซ่อมบำรุง,2250.0,นายเจต  ทองแก้ว
2024-05-31,16:21:00,มูลฝอยทั่วไป,จุดพัก ใต้บันได ATM,2074.0,นายเจต  ทองแก้ว
2024-05-31,16:21:00,มูลฝอยทั่วไป,บ้านพักเจ้าหน้าที่ แฟลตปลางทอง,472.0,นายเจต  ทองแก้ว
2024-05-31,16:21:00,มูลฝอยทั่วไป,บ้านพักเจ้าหน้าที่ แฟลตเก่า,461.0,นายเจต  ทองแก้ว
2024-05-31,16:21:00,มูลฝอยทั่วไป,บ้านพักเจ้าหน้าที่ แฟลต 48 ยูนิต,532.0,นายเจต  ทองแก้ว
2024-05-31,16:21:00,มูลฝอยทั่วไป,บ้านพักเจ้าหน้าที่ แฟลตม่านฟ้า,437.0,นายเจต  ทองแก้ว
2024-05-31,16:21:00,มูลฝอยทั่วไป,หน่วยงานยานพาหนะ,462.0,นายเจต  ทองแก้ว
2024-05-31,16:21:00,มูลฝอยทั่วไป,จุดรับส่งพัสดุ เอกชน,568.0,นายเจต  ทองแก้ว
2024-05-31,16:21:00,มูลฝอยอินทรีย์,งานโภชนาการ,189.0,นายเจต  ทองแก้ว
2024-06-15,16:14:00,มูลฝอยทั่วไป,บ้านพักเจ้าหน้าที่ หน้าห้องซ่อมบำรุง,2510.0,นายเจต  ทองแก้ว
2024-06-15,16:14:00,มูลฝอยทั่วไป,จุดพัก ใต้บันได ATM,2170.0,นายเจต  ทองแก้ว
2024-06-15,16:14:00,มูลฝอยทั่วไป,บ้านพักเจ้าหน้าที่ แฟลตปลางทอง,452.0,นายเจต  ทองแก้ว
2024-06-15,16:14:00,มูลฝอยทั่วไป,บ้านพักเจ้าหน้าที่ แฟลตเก่า,430.0,นายเจต  ทองแก้ว
2024-06-15,16:14:00,มูลฝอยทั่วไป,บ้านพักเจ้าหน้าที่ แฟลต 48 ยูนิต,460.0,นายเจต  ทองแก้ว
2024-06-15,16:14:00,มูลฝอยทั่วไป,บ้านพักเจ้าหน้าที่ แฟลตม่านฟ้า,437.0,นายเจต  ทองแก้ว
2024-06-15,16:14:00,มูลฝอยทั่วไป,หน่วยงานยานพาหนะ,451.0,นายเจต  ทองแก้ว
2024-06-15,16:14:00,มูลฝอยทั่วไป,จุดรับส่งพัสดุ เอกชน,562.0,นายเจต  ทองแก้ว
2024-06-15,16:14:00,มูลฝอยอินทรีย์,งานโภชนาการ,190.0,นายเจต  ทองแก้ว
2024-06-30,14:30:00,มูลฝอยอันตราย,หน่วยงานซ่อมบำรุง,20.0,นายเจต  ทองแก้ว
2024-06-30,14:30:00,มูลฝอยอันตราย,หน่วยงาน OR ห้องผ่าตัด,4.0,นายเจต  ทองแก้ว
2024-06-30,14:30:00,มูลฝอยอันตราย,จุดพัก OPD อาคาร 3 ชั้น,55.0,นายเจต  ทองแก้ว
2024-06-30,14:30:00,มูลฝอยอันตราย,จุดพัก ATM,45.0,นายเจต  ทองแก้ว
2024-06-30,16:16:00,มูลฝอยทั่วไป,บ้านพักเจ้าหน้าที่ หน้าห้องซ่อมบำรุง,2341.0,นายเจต  ทองแก้ว
2024-06-30,16:16:00,มูลฝอยทั่วไป,จุดพัก ใต้บันได ATM,2241.0,นายเจต  ทองแก้ว
2024-06-30,16:16:00,มูลฝอยทั่วไป,บ้านพักเจ้าหน้าที่ แฟลตปลางทอง,451.0,นายเจต  ทองแก้ว
2024-06-30,16:16:00,มูลฝอยทั่วไป,บ้านพักเจ้าหน้าที่ แฟลตเก่า,434.0,นายเจต  ทองแก้ว
2024-06-30,16:16:00,มูลฝอยทั่วไป,บ้านพักเจ้าหน้าที่ แฟลต 48 ยูนิต,531.0,นายเจต  ทองแก้ว
2024-06-30,16:16:00,มูลฝอยทั่วไป,บ้านพักเจ้าหน้าที่ แฟลตม่านฟ้า,430.0,นายเจต  ทองแก้ว
2024-06-30,16:16:00,มูลฝอยทั่วไป,หน่วยงานยานพาหนะ,460.0,นายเจต  ทองแก้ว
2024-06-30,16:16:00,มูลฝอยทั่วไป,จุดรับส่งพัสดุ เอกชน,543.0,นายเจต  ทองแก้ว
2024-06-30,16:16:00,มูลฝอยอินทรีย์,งานโภชนาการ,187.0,นายเจต  ทองแก้ว
2024-07-15,16:05:00,มูลฝอยทั่วไป,บ้านพักเจ้าหน้าที่ หน้าห้องซ่อมบำรุง,2450.0,นายเจต  ทองแก้ว
2024-07-15,16:05:00,มูลฝอยทั่วไป,จุดพัก ใต้บันได ATM,2134.0,นายเจต  ทองแก้ว
2024-07-15,16:05:00,มูลฝอยทั่วไป,บ้านพักเจ้าหน้าที่ แฟลตปลางทอง,452.0,นายเจต  ทองแก้ว
2024-07-15,16:05:00,มูลฝอยทั่วไป,บ้านพักเจ้าหน้าที่ แฟลตเก่า,420.0,นายเจต  ทองแก้ว
2024-07-15,16:05:00,มูลฝอยทั่วไป,บ้านพักเจ้าหน้าที่ แฟลต 48 ยูนิต,540.0,นายเจต  ทองแก้ว
2024-07-15,16:05:00,มูลฝอยทั่วไป,บ้านพักเจ้าหน้าที่ แฟลตม่านฟ้า,521.0,นายเจต  ทองแก้ว
2024-07-15,16:05:00,มูลฝอยทั่วไป,หน่วยงานยานพาหนะ,480.0,นายเจต  ทองแก้ว
2024-07-15,16:05:00,มูลฝอยทั่วไป,จุดรับส่งพัสดุ เอกชน,631.0,นายเจต  ทองแก้ว
2024-07-15,16:05:00,มูลฝอยอินทรีย์,งานโภชนาการ,180.0,นายเจต  ทองแก้ว
2024-07-17,11:00:00,มูลฝอยรีไซเคิล,กระดาษกล่อง,545.0,นางสุดาวรรณ จุลสุข
2024-07-17,11:00:00,มูลฝอยรีไซเคิล,เศษกระดาษ จับจ๊๊ว,263.0,นางสุดาวรรณ จุลสุข
2024-07-17,11:00:00,มูลฝอยรีไซเคิล,ขวดพลาสติก,36.0,นางสุดาวรรณ จุลสุข
2024-07-17,11:00:00,มูลฝอยรีไซเคิล,พลาสติกรวม,127.0,นางสุดาวรรณ จุลสุข
2024-07-17,11:00:00,มูลฝอยรีไซเคิล,เหล็ก,76.0,นางสุดาวรรณ จุลสุข
2024-07-17,11:00:00,มูลฝอยรีไซเคิล,อลูมิเนียม,25.0,นางสุดาวรรณ จุลสุข
2024-07-17,11:00:00,มูลฝอยรีไซเคิล,ขวดแก้ว,32.0,นางสุดาวรรณ จุลสุข
2024-07-31,16:06:00,มูลฝอยทั่วไป,บ้านพักเจ้าหน้าที่ หน้าห้องซ่อมบำรุง,2460.0,นายเจต  ทองแก้ว
2024-07-31,16:06:00,มูลฝอยทั่วไป,จุดพัก ใต้บันได ATM,2241.0,นายเจต  ทองแก้ว
2024-07-31,16:06:00,มูลฝอยทั่วไป,บ้านพักเจ้าหน้าที่ แฟลตปลางทอง,435.0,นายเจต  ทองแก้ว
2024-07-31,16:06:00,มูลฝอยทั่วไป,บ้านพักเจ้าหน้าที่ แฟลตเก่า,470.0,นายเจต  ทองแก้ว
2024-07-31,16:06:00,มูลฝอยทั่วไป,บ้านพักเจ้าหน้าที่ แฟลต 48 ยูนิต,531.0,นายเจต  ทองแก้ว
2024-07-31,16:06:00,มูลฝอยทั่วไป,บ้านพักเจ้าหน้าที่ แฟลตม่านฟ้า,430.0,นายเจต  ทองแก้ว
2024-07-31,16:06:00,มูลฝอยทั่วไป,หน่วยงานยานพาหนะ,420.0,นายเจต  ทองแก้ว
2024-07-31,16:06:00,มูลฝอยทั่วไป,จุดรับส่งพัสดุ เอกชน,564.0,นายเจต  ทองแก้ว
2024-07-31,16:06:00,มูลฝอยอินทรีย์,งานโภชนาการ,183.0,นายเจต  ทองแก้ว
2024-08-15,16:20:00,มูลฝอยทั่วไป,บ้านพักเจ้าหน้าที่ หน้าห้องซ่อมบำรุง,2632.0,นายเจต  ทองแก้ว
2024-08-15,16:20:00,มูลฝอยทั่วไป,จุดพัก ใต้บันได ATM,2351.0,นายเจต  ทองแก้ว
2024-08-15,16:20:00,มูลฝอยทั่วไป,บ้านพักเจ้าหน้าที่ แฟลตปลางทอง,436.0,นายเจต  ทองแก้ว
2024-08-15,16:20:00,มูลฝอยทั่วไป,บ้านพักเจ้าหน้าที่ แฟลตเก่า,451.0,นายเจต  ทองแก้ว
2024-08-15,16:20:00,มูลฝอยทั่วไป,บ้านพักเจ้าหน้าที่ แฟลต 48 ยูนิต,541.0,นายเจต  ทองแก้ว
2024-08-15,16:20:00,มูลฝอยทั่วไป,บ้านพักเจ้าหน้าที่ แฟลตม่านฟ้า,432.0,นายเจต  ทองแก้ว
2024-08-15,16:20:00,มูลฝอยทั่วไป,หน่วยงานยานพาหนะ,462.0,นายเจต  ทองแก้ว
2024-08-15,16:20:00,มูลฝอยทั่วไป,จุดรับส่งพัสดุ เอกชน,532.0,นายเจต  ทองแก้ว
2024-08-15,16:20:00,มูลฝอยอินทรีย์,งานโภชนาการ,181.0,นายเจต  ทองแก้ว
2024-08-21,10:30:00,มูลฝอยรีไซเคิล,วัสดุอื่นๆ,500.0,นางสุดาวรรณ จุลสุข
2024-08-21,11:00:00,มูลฝอยรีไซเคิล,เศษกระดาษ จับจ๊๊ว,28.0,นางสุดาวรรณ จุลสุข
2024-08-21,11:00:00,มูลฝอยรีไซเคิล,เหล็ก,237.0,นางสุดาวรรณ จุลสุข
2024-08-21,11:00:00,มูลฝอยรีไซเคิล,อลูมิเนียม,170.0,นางสุดาวรรณ จุลสุข
2024-08-21,11:00:00,มูลฝอยรีไซเคิล,สแตนเลส,38.0,นางสุดาวรรณ จุลสุข
2024-08-21,11:00:00,มูลฝอยรีไซเคิล,วัสดุอื่นๆ,56.0,นางสุดาวรรณ จุลสุข
2024-08-31,14:30:00,มูลฝอยอันตราย,จุดพัก OPD อาคาร 3 ชั้น,60.0,นายเจต  ทองแก้ว
2024-08-31,14:30:00,มูลฝอยอันตราย,จุดพัก ATM,74.0,นายเจต  ทองแก้ว
2024-08-31,16:12:00,มูลฝอยทั่วไป,บ้านพักเจ้าหน้าที่ หน้าห้องซ่อมบำรุง,2340.0,นายเจต  ทองแก้ว
2024-08-31,16:12:00,มูลฝอยทั่วไป,จุดพัก ใต้บันได ATM,2190.0,นายเจต  ทองแก้ว
2024-08-31,16:12:00,มูลฝอยทั่วไป,บ้านพักเจ้าหน้าที่ แฟลตปลางทอง,450.0,นายเจต  ทองแก้ว
2024-08-31,16:12:00,มูลฝอยทั่วไป,บ้านพักเจ้าหน้าที่ แฟลตเก่า,431.0,นายเจต  ทองแก้ว
2024-08-31,16:12:00,มูลฝอยทั่วไป,บ้านพักเจ้าหน้าที่ แฟลต 48 ยูนิต,543.0,นายเจต  ทองแก้ว
2024-08-31,16:12:00,มูลฝอยทั่วไป,บ้านพักเจ้าหน้าที่ แฟลตม่านฟ้า,421.0,นายเจต  ทองแก้ว
2024-08-31,16:12:00,มูลฝอยทั่วไป,หน่วยงานยานพาหนะ,432.0,นายเจต  ทองแก้ว
2024-08-31,16:12:00,มูลฝอยทั่วไป,จุดรับส่งพัสดุ เอกชน,541.0,นายเจต  ทองแก้ว
2024-08-31,16:12:00,มูลฝอยอินทรีย์,งานโภชนาการ,182.0,นายเจต  ทองแก้ว
2024-09-11,10:00:00,มูลฝอยรีไซเคิล,กระดาษกล่อง,556.0,นางสุดาวรรณ จุลสุข
2024-09-11,10:00:00,มูลฝอยรีไซเคิล,เศษกระดาษ จับจ๊๊ว,280.0,นางสุดาวรรณ จุลสุข
2024-09-11,10:00:00,มูลฝอยรีไซเคิล,ขวดพลาสติก,24.0,นางสุดาวรรณ จุลสุข
2024-09-11,10:00:00,มูลฝอยรีไซเคิล,พลาสติกรวม,127.0,นางสุดาวรรณ จุลสุข
2024-09-11,10:00:00,มูลฝอยรีไซเคิล,เหล็ก,17.0,นางสุดาวรรณ จุลสุข
2024-09-11,10:00:00,มูลฝอยรีไซเคิล,ทองแดง,48.0,นางสุดาวรรณ จุลสุข
2024-09-11,10:00:00,มูลฝอยรีไซเคิล,ขวดแก้ว,80.0,นางสุดาวรรณ จุลสุข
2024-09-15,16:13:00,มูลฝอยทั่วไป,บ้านพักเจ้าหน้าที่ หน้าห้องซ่อมบำรุง,2432.0,นายเจต  ทองแก้ว
2024-09-15,16:13:00,มูลฝอยทั่วไป,จุดพัก ใต้บันได ATM,2133.0,นายเจต  ทองแก้ว
2024-09-15,16:13:00,มูลฝอยทั่วไป,บ้านพักเจ้าหน้าที่ แฟลตปลางทอง,514.0,นายเจต  ทองแก้ว
2024-09-15,16:13:00,มูลฝอยทั่วไป,บ้านพักเจ้าหน้าที่ แฟลตเก่า,494.0,นายเจต  ทองแก้ว
2024-09-15,16:13:00,มูลฝอยทั่วไป,บ้านพักเจ้าหน้าที่ แฟลต 48 ยูนิต,531.0,นายเจต  ทองแก้ว
2024-09-15,16:13:00,มูลฝอยทั่วไป,บ้านพักเจ้าหน้าที่ แฟลตม่านฟ้า,453.0,นายเจต  ทองแก้ว
2024-09-15,16:13:00,มูลฝอยทั่วไป,หน่วยงานยานพาหนะ,461.0,นายเจต  ทองแก้ว
2024-09-15,16:13:00,มูลฝอยทั่วไป,จุดรับส่งพัสดุ เอกชน,560.0,นายเจต  ทองแก้ว
2024-09-15,16:13:00,มูลฝอยอินทรีย์,งานโภชนาการ,182.0,นายเจต  ทองแก้ว
2024-09-23,11:00:00,มูลฝอยรีไซเคิล,ตลับหมึกเครื่องพิมพ์,46.0,นางสุดาวรรณ จุลสุข
2024-09-30,14:30:00,มูลฝอยอันตราย,จุดพัก OPD อาคาร 3 ชั้น,60.0,นายเจต  ทองแก้ว
2024-09-30,14:30:00,มูลฝอยอันตราย,จุดพัก ATM,55.0,นายเจต  ทองแก้ว
2024-09-30,14:30:00,มูลฝอยอันตราย,หน่วยงานจ่ายกลาง,2.0,นายเจต  ทองแก้ว
2024-09-30,14:30:00,มูลฝอยอันตราย,หน่วยงานซ่อมบำรุง,20.0,นายเจต  ทองแก้ว
2024-09-30,14:30:00,มูลฝอยอันตราย,หน่วยงาน OR ห้องผ่าตัด,4.0,นายเจต  ทองแก้ว
2024-09-30,14:30:00,มูลฝอยอันตราย,จุดพัก OPD อาคาร 3 ชั้น,67.0,นายเจต  ทองแก้ว
2024-09-30,14:30:00,มูลฝอยอันตราย,จุดพัก ATM,60.0,นายเจต  ทองแก้ว
2024-09-30,14:30:00,มูลฝอยอันตราย,หน่วยงานจ่ายกลาง,3.0,นายเจต  ทองแก้ว
2024-09-30,16:14:00,มูลฝอยทั่วไป,บ้านพักเจ้าหน้าที่ หน้าห้องซ่อมบำรุง,2430.0,นายเจต  ทองแก้ว
2024-09-30,16:14:00,มูลฝอยทั่วไป,จุดพัก ใต้บันได ATM,2167.0,นายเจต  ทองแก้ว
2024-09-30,16:14:00,มูลฝอยทั่วไป,บ้านพักเจ้าหน้าที่ แฟลตปลางทอง,432.0,นายเจต  ทองแก้ว
2024-09-30,16:14:00,มูลฝอยทั่วไป,บ้านพักเจ้าหน้าที่ แฟลตเก่า,461.0,นายเจต  ทองแก้ว
2024-09-30,16:14:00,มูลฝอยทั่วไป,บ้านพักเจ้าหน้าที่ แฟลต 48 ยูนิต,560.0,นายเจต  ทองแก้ว
2024-09-30,16:14:00,มูลฝอยทั่วไป,บ้านพักเจ้าหน้าที่ แฟลตม่านฟ้า,450.0,นายเจต  ทองแก้ว
2024-09-30,16:14:00,มูลฝอยทั่วไป,หน่วยงานยานพาหนะ,431.0,นายเจต  ทองแก้ว
2024-09-30,16:14:00,มูลฝอยทั่วไป,จุดรับส่งพัสดุ เอกชน,540.0,นายเจต  ทองแก้ว
2024-09-30,16:14:00,มูลฝอยอินทรีย์,งานโภชนาการ,185.0,นายเจต  ทองแก้ว
2024-10-15,16:05:00,มูลฝอยทั่วไป,บ้านพักเจ้าหน้าที่ หน้าห้องซ่อมบำรุง,2541.0,นายเจต  ทองแก้ว
2024-10-15,16:05:00,มูลฝอยทั่วไป,จุดพัก ใต้บันได ATM,2195.0,นายเจต  ทองแก้ว
2024-10-15,16:05:00,มูลฝอยทั่วไป,บ้านพักเจ้าหน้าที่ แฟลตปลางทอง,465.0,นายเจต  ทองแก้ว
2024-10-15,16:05:00,มูลฝอยทั่วไป,บ้านพักเจ้าหน้าที่ แฟลตเก่า,512.0,นายเจต  ทองแก้ว
2024-10-15,16:05:00,มูลฝอยทั่วไป,บ้านพักเจ้าหน้าที่ แฟลต 48 ยูนิต,534.0,นายเจต  ทองแก้ว
2024-10-15,16:05:00,มูลฝอยทั่วไป,บ้านพักเจ้าหน้าที่ แฟลตม่านฟ้า,442.0,นายเจต  ทองแก้ว
2024-10-15,16:05:00,มูลฝอยทั่วไป,หน่วยงานยานพาหนะ,430.0,นายเจต  ทองแก้ว
2024-10-15,16:05:00,มูลฝอยทั่วไป,จุดรับส่งพัสดุ เอกชน,562.0,นายเจต  ทองแก้ว
2024-10-15,16:05:00,มูลฝอยอินทรีย์,งานโภชนาการ,182.0,นายเจต  ทองแก้ว
2024-10-31,14:30:00,มูลฝอยอันตราย,จุดพัก OPD อาคาร 3 ชั้น,55.0,นายเจต  ทองแก้ว
2024-10-31,14:30:00,มูลฝอยอันตราย,จุดพัก ATM,64.0,นายเจต  ทองแก้ว
2024-10-31,16:08:00,มูลฝอยทั่วไป,บ้านพักเจ้าหน้าที่ หน้าห้องซ่อมบำรุง,2254.0,นายเจต  ทองแก้ว
2024-10-31,16:08:00,มูลฝอยทั่วไป,จุดพัก ใต้บันได ATM,2082.0,นายเจต  ทองแก้ว
2024-10-31,16:08:00,มูลฝอยทั่วไป,บ้านพักเจ้าหน้าที่ แฟลตปลางทอง,431.0,นายเจต  ทองแก้ว
2024-10-31,16:08:00,มูลฝอยทั่วไป,บ้านพักเจ้าหน้าที่ แฟลตเก่า,452.0,นายเจต  ทองแก้ว
2024-10-31,16:08:00,มูลฝอยทั่วไป,บ้านพักเจ้าหน้าที่ แฟลต 48 ยูนิต,541.0,นายเจต  ทองแก้ว
2024-10-31,16:08:00,มูลฝอยทั่วไป,บ้านพักเจ้าหน้าที่ แฟลตม่านฟ้า,421.0,นายเจต  ทองแก้ว
2024-10-31,16:08:00,มูลฝอยทั่วไป,หน่วยงานยานพาหนะ,462.0,นายเจต  ทองแก้ว
2024-10-31,16:08:00,มูลฝอยทั่วไป,จุดรับส่งพัสดุ เอกชน,570.0,นายเจต  ทองแก้ว
2024-10-31,16:08:00,มูลฝอยอินทรีย์,งานโภชนาการ,183.0,นายเจต  ทองแก้ว
2024-11-12,11:00:00,มูลฝอยรีไซเคิล,กระดาษกล่อง,676.0,นางสุดาวรรณ จุลสุข
2024-11-12,11:00:00,มูลฝอยรีไซเคิล,เศษกระดาษ จับจ๊๊ว,278.0,นางสุดาวรรณ จุลสุข
2024-11-12,11:00:00,มูลฝอยรีไซเคิล,พลาสติกรวม,216.0,นางสุดาวรรณ จุลสุข
2024-11-12,11:00:00,มูลฝอยรีไซเคิล,ขวดแก้ว,44.0,นางสุดาวรรณ จุลสุข
2024-11-12,11:00:00,มูลฝอยรีไซเคิล,เหล็ก,131.0,นางสุดาวรรณ จุลสุข
2024-11-15,16:06:00,มูลฝอยทั่วไป,บ้านพักเจ้าหน้าที่ หน้าห้องซ่อมบำรุง,2491.0,นายเจต  ทองแก้ว
2024-11-15,16:06:00,มูลฝอยทั่วไป,จุดพัก ใต้บันได ATM,2120.0,นายเจต  ทองแก้ว
2024-11-15,16:06:00,มูลฝอยทั่วไป,บ้านพักเจ้าหน้าที่ แฟลตปลางทอง,436.0,นายเจต  ทองแก้ว
2024-11-15,16:06:00,มูลฝอยทั่วไป,บ้านพักเจ้าหน้าที่ แฟลตเก่า,470.0,นายเจต  ทองแก้ว
2024-11-15,16:06:00,มูลฝอยทั่วไป,บ้านพักเจ้าหน้าที่ แฟลต 48 ยูนิต,531.0,นายเจต  ทองแก้ว
2024-11-15,16:06:00,มูลฝอยทั่วไป,บ้านพักเจ้าหน้าที่ แฟลตม่านฟ้า,422.0,นายเจต  ทองแก้ว
2024-11-15,16:06:00,มูลฝอยทั่วไป,หน่วยงานยานพาหนะ,467.0,นายเจต  ทองแก้ว
2024-11-15,16:06:00,มูลฝอยทั่วไป,จุดรับส่งพัสดุ เอกชน,564.0,นายเจต  ทองแก้ว
2024-11-15,16:06:00,มูลฝอยอินทรีย์,งานโภชนาการ,187.0,นายเจต  ทองแก้ว
2024-11-30,14:30:00,มูลฝอยอันตราย,หน่วยงานซ่อมบำรุง,25.0,นายเจต  ทองแก้ว
2024-11-30,14:30:00,มูลฝอยอันตราย,จุดพัก OPD อาคาร 3 ชั้น,43.0,นายเจต  ทองแก้ว
2024-11-30,14:30:00,มูลฝอยอันตราย,จุดพัก ATM,56.0,นายเจต  ทองแก้ว
2024-11-30,14:30:00,มูลฝอยอันตราย,หน่วยงานจ่ายกลาง,2.0,นายเจต  ทองแก้ว
2024-11-30,16:13:00,มูลฝอยทั่วไป,บ้านพักเจ้าหน้าที่ หน้าห้องซ่อมบำรุง,2441.0,นายเจต  ทองแก้ว
2024-11-30,16:13:00,มูลฝอยทั่วไป,จุดพัก ใต้บันได ATM,2031.0,นายเจต  ทองแก้ว
2024-11-30,16:13:00,มูลฝอยทั่วไป,บ้านพักเจ้าหน้าที่ แฟลตปลางทอง,430.0,นายเจต  ทองแก้ว
2024-11-30,16:13:00,มูลฝอยทั่วไป,บ้านพักเจ้าหน้าที่ แฟลตเก่า,451.0,นายเจต  ทองแก้ว
2024-11-30,16:13:00,มูลฝอยทั่วไป,บ้านพักเจ้าหน้าที่ แฟลต 48 ยูนิต,541.0,นายเจต  ทองแก้ว
2024-11-30,16:13:00,มูลฝอยทั่วไป,บ้านพักเจ้าหน้าที่ แฟลตม่านฟ้า,430.0,นายเจต  ทองแก้ว
2024-11-30,16:13:00,มูลฝอยทั่วไป,หน่วยงานยานพาหนะ,423.0,นายเจต  ทองแก้ว
2024-11-30,16:13:00,มูลฝอยทั่วไป,จุดรับส่งพัสดุ เอกชน,542.0,นายเจต  ทองแก้ว
2024-11-30,16:13:00,มูลฝอยอินทรีย์,งานโภชนาการ,194.0,นายเจต  ทองแก้ว
2024-12-15,16:14:00,มูลฝอยทั่วไป,บ้านพักเจ้าหน้าที่ หน้าห้องซ่อมบำรุง,2450.0,นายเจต  ทองแก้ว
2024-12-15,16:14:00,มูลฝอยทั่วไป,จุดพัก ใต้บันได ATM,2135.0,นายเจต  ทองแก้ว
2024-12-15,16:14:00,มูลฝอยทั่วไป,บ้านพักเจ้าหน้าที่ แฟลตปลางทอง,432.0,นายเจต  ทองแก้ว
2024-12-15,16:14:00,มูลฝอยทั่วไป,บ้านพักเจ้าหน้าที่ แฟลตเก่า,452.0,นายเจต  ทองแก้ว
2024-12-15,16:14:00,มูลฝอยทั่วไป,บ้านพักเจ้าหน้าที่ แฟลต 48 ยูนิต,542.0,นายเจต  ทองแก้ว
2024-12-15,16:14:00,มูลฝอยทั่วไป,บ้านพักเจ้าหน้าที่ แฟลตม่านฟ้า,470.0,นายเจต  ทองแก้ว
2024-12-15,16:14:00,มูลฝอยทั่วไป,หน่วยงานยานพาหนะ,430.0,นายเจต  ทองแก้ว
2024-12-15,16:14:00,มูลฝอยทั่วไป,จุดรับส่งพัสดุ เอกชน,554.0,นายเจต  ทองแก้ว
2024-12-15,16:14:00,มูลฝอยอินทรีย์,งานโภชนาการ,193.0,นายเจต  ทองแก้ว
2024-12-31,14:30:00,มูลฝอยอันตราย,หน่วยงาน OR ห้องผ่าตัด,5.0,นายเจต  ทองแก้ว
2024-12-31,14:30:00,มูลฝอยอันตราย,จุดพัก OPD อาคาร 3 ชั้น,54.0,นายเจต  ทองแก้ว
2024-12-31,14:30:00,มูลฝอยอันตราย,จุดพัก ATM,62.0,นายเจต  ทองแก้ว
2024-12-31,16:12:00,มูลฝอยทั่วไป,บ้านพักเจ้าหน้าที่ หน้าห้องซ่อมบำรุง,2431.0,นายเจต  ทองแก้ว
2024-12-31,16:12:00,มูลฝอยทั่วไป,จุดพัก ใต้บันได ATM,2145.0,นายเจต  ทองแก้ว
2024-12-31,16:12:00,มูลฝอยทั่วไป,บ้านพักเจ้าหน้าที่ แฟลตปลางทอง,452.0,นายเจต  ทองแก้ว
2024-12-31,16:12:00,มูลฝอยทั่วไป,บ้านพักเจ้าหน้าที่ แฟลตเก่า,436.0,นายเจต  ทองแก้ว
2024-12-31,16:12:00,มูลฝอยทั่วไป,บ้านพักเจ้าหน้าที่ แฟลต 48 ยูนิต,483.0,นายเจต  ทองแก้ว
2024-12-31,16:12:00,มูลฝอยทั่วไป,บ้านพักเจ้าหน้าที่ แฟลตม่านฟ้า,469.0,นายเจต  ทองแก้ว
2024-12-31,16:12:00,มูลฝอยทั่วไป,หน่วยงานยานพาหนะ,481.0,นายเจต  ทองแก้ว
2024-12-31,16:12:00,มูลฝอยทั่วไป,จุดรับส่งพัสดุ เอกชน,572.0,นายเจต  ทองแก้ว
2024-12-31,16:12:00,มูลฝอยอินทรีย์,งานโภชนาการ,198.0,นายเจต  ทองแก้ว
2025-01-01,16:04:00,มูลฝอยทั่วไป,บ้านพักเจ้าหน้าที่ หน้าห้องซ่อมบำรุง,163.7,นายเจต  ทองแก้ว
2025-01-01,16:04:00,มูลฝอยทั่วไป,จุดพัก ใต้บันได ATM,148.58,นายเจต  ทองแก้ว
2025-01-01,16:04:00,มูลฝอยทั่วไป,บ้านพักเจ้าหน้าที่ แฟลตปลางทอง,38.25,นายเจต  ทองแก้ว
2025-01-01,16:04:00,มูลฝอยทั่วไป,บ้านพักเจ้าหน้าที่ แฟลตเก่า,32.64,นายเจต  ทองแก้ว
2025-01-01,16:04:00,มูลฝอยอินทรีย์,งานโภชนาการ,19.3,นายเจต  ทองแก้ว
2025-01-02,16:06:00,มูลฝอยทั่วไป,บ้านพักเจ้าหน้าที่ หน้าห้องซ่อมบำรุง,145.35,นายเจต  ทองแก้ว
2025-01-02,16:06:00,มูลฝอยทั่วไป,จุดพัก ใต้บันได ATM,126.63,นายเจต  ทองแก้ว
2025-01-02,16:06:00,มูลฝอยทั่วไป,บ้านพักเจ้าหน้าที่ แฟลต 48 ยูนิต,35.54,นายเจต  ทองแก้ว
2025-01-02,16:06:00,มูลฝอยทั่วไป,บ้านพักเจ้าหน้าที่ แฟลตม่านฟ้า,30.3,นายเจต  ทองแก้ว
2025-01-02,16:06:00,มูลฝอยทั่วไป,หน่วยงานยานพาหนะ,35.85,นายเจต  ทองแก้ว
2025-01-02,16:06:00,มูลฝอยอินทรีย์,งานโภชนาการ,16.64,นายเจต  ทองแก้ว
2025-01-03,16:02:00,มูลฝอยทั่วไป,บ้านพักเจ้าหน้าที่ หน้าห้องซ่อมบำรุง,146.37,นายเจต  ทองแก้ว
2025-01-03,16:02:00,มูลฝอยทั่วไป,จุดพัก ใต้บันได ATM,132.45,นายเจต  ทองแก้ว
2025-01-03,16:02:00,มูลฝอยทั่วไป,บ้านพักเจ้าหน้าที่ แฟลตเก่า,32.32,นายเจต  ทองแก้ว
2025-01-03,16:02:00,มูลฝอยอินทรีย์,งานโภชนาการ,20.38,นายเจต  ทองแก้ว
2025-01-04,16:09:00,มูลฝอยทั่วไป,บ้านพักเจ้าหน้าที่ หน้าห้องซ่อมบำรุง,156.64,นายเจต  ทองแก้ว
2025-01-04,16:09:00,มูลฝอยทั่วไป,จุดพัก ใต้บันได ATM,141.35,นายเจต  ทองแก้ว
2025-01-04,16:09:00,มูลฝอยทั่วไป,บ้านพักเจ้าหน้าที่ แฟลต 48 ยูนิต,34.65,นายเจต  ทองแก้ว
2025-01-04,16:09:00,มูลฝอยทั่วไป,หน่วยงานยานพาหนะ,32.38,นายเจต  ทองแก้ว
2025-01-04,16:09:00,มูลฝอยอินทรีย์,งานโภชนาการ,19.45,นายเจต  ทองแก้ว
2025-01-05,16:04:00,มูลฝอยทั่วไป,บ้านพักเจ้าหน้าที่ หน้าห้องซ่อมบำรุง,147.8,นายเจต  ทองแก้ว
2025-01-05,16:04:00,มูลฝอยทั่วไป,จุดพัก ใต้บันได ATM,142.23,นายเจต  ทองแก้ว
2025-01-05,16:04:00,มูลฝอยทั่วไป,บ้านพักเจ้าหน้าที่ แฟลตม่านฟ้า,34.46,นายเจต  ทองแก้ว
2025-01-05,16:04:00,มูลฝอยทั่วไป,จุดรับส่งพัสดุ เอกชน,36.43,นายเจต  ทองแก้ว
2025-01-06,14:30:00,มูลฝอยอันตราย,หน่วยงานซ่อมบำรุง,28.0,นายเจต  ทองแก้ว
2025-01-06,16:02:00,มูลฝอยทั่วไป,บ้านพักเจ้าหน้าที่ หน้าห้องซ่อมบำรุง,153.64,นายเจต  ทองแก้ว
2025-01-06,16:02:00,มูลฝอยทั่วไป,จุดพัก ใต้บันได ATM,145.54,นายเจต  ทองแก้ว
2025-01-06,16:02:00,มูลฝอยทั่วไป,บ้านพักเจ้าหน้าที่ แฟลตปลางทอง,35.35,นายเจต  ทองแก้ว
2025-01-06,16:02:00,มูลฝอยทั่วไป,หน่วยงานยานพาหนะ,32.35,นายเจต  ทองแก้ว
2025-01-06,16:02:00,มูลฝอยอินทรีย์,งานโภชนาการ,21.4,นายเจต  ทองแก้ว
2025-01-07,16:20:00,มูลฝอยทั่วไป,บ้านพักเจ้าหน้าที่ หน้าห้องซ่อมบำรุง,161.25,นายเจต  ทองแก้ว
2025-01-07,16:20:00,มูลฝอยทั่วไป,จุดพัก ใต้บันได ATM,148.6,นายเจต  ทองแก้ว
2025-01-07,16:20:00,มูลฝอยทั่วไป,บ้านพักเจ้าหน้าที่ แฟลตเก่า,34.75,นายเจต  ทองแก้ว
2025-01-07,16:20:00,มูลฝอยทั่วไป,บ้านพักเจ้าหน้าที่ แฟลต 48 ยูนิต,35.43,นายเจต  ทองแก้ว
2025-01-08,16:02:00,มูลฝอยทั่วไป,บ้านพักเจ้าหน้าที่ หน้าห้องซ่อมบำรุง,158.64,นายเจต  ทองแก้ว
2025-01-08,16:02:00,มูลฝอยทั่วไป,จุดพัก ใต้บันได ATM,143.32,นายเจต  ทองแก้ว
2025-01-08,16:02:00,มูลฝอยทั่วไป,บ้านพักเจ้าหน้าที่ แฟลตม่านฟ้า,34.28,นายเจต  ทองแก้ว
2025-01-08,16:02:00,มูลฝอยทั่วไป,จุดรับส่งพัสดุ เอกชน,48.38,นายเจต  ทองแก้ว
2025-01-08,16:02:00,มูลฝอยอินทรีย์,งานโภชนาการ,18.62,นายเจต  ทองแก้ว
2025-01-13,16:03:00,มูลฝอยทั่วไป,บ้านพักเจ้าหน้าที่ หน้าห้องซ่อมบำรุง,154.65,นายเจต  ทองแก้ว
2025-01-13,16:03:00,มูลฝอยทั่วไป,จุดพัก ใต้บันได ATM,148.4,นายเจต  ทองแก้ว
2025-01-13,16:03:00,มูลฝอยทั่วไป,บ้านพักเจ้าหน้าที่ แฟลตปลางทอง,32.65,นายเจต  ทองแก้ว
2025-01-13,16:03:00,มูลฝอยทั่วไป,บ้านพักเจ้าหน้าที่ แฟลต 48 ยูนิต,36.43,นายเจต  ทองแก้ว
2025-01-13,16:03:00,มูลฝอยอินทรีย์,งานโภชนาการ,20.34,นายเจต  ทองแก้ว
2025-01-14,11:00:00,มูลฝอยรีไซเคิล,กระดาษกล่อง,711.0,นางสุดาวรรณ จุลสุข
2025-01-14,11:00:00,มูลฝอยรีไซเคิล,เศษกระดาษ จับจ๊๊ว,337.0,นางสุดาวรรณ จุลสุข
2025-01-14,11:00:00,มูลฝอยรีไซเคิล,ขวดพลาสติก,65.0,นางสุดาวรรณ จุลสุข
2025-01-14,11:00:00,มูลฝอยรีไซเคิล,พลาสติกรวม,104.0,นางสุดาวรรณ จุลสุข
2025-01-14,11:00:00,มูลฝอยรีไซเคิล,ขวดแก้ว,25.0,นางสุดาวรรณ จุลสุข
2025-01-14,16:02:00,มูลฝอยทั่วไป,บ้านพักเจ้าหน้าที่ หน้าห้องซ่อมบำรุง,154.35,นายเจต  ทองแก้ว
2025-01-14,16:02:00,มูลฝอยทั่วไป,จุดพัก ใต้บันได ATM,148.56,นายเจต  ทองแก้ว
2025-01-14,16:02:00,มูลฝอยทั่วไป,บ้านพักเจ้าหน้าที่ แฟลตเก่า,35.43,นายเจต  ทองแก้ว
2025-01-14,16:02:00,มูลฝอยทั่วไป,จุดรับส่งพัสดุ เอกชน,43.24,นายเจต  ทองแก้ว
2025-01-14,16:02:00,มูลฝอยอินทรีย์,งานโภชนาการ,20.35,นายเจต  ทองแก้ว
2025-01-15,14:30:00,มูลฝอยอันตราย,จุดพัก OPD อาคาร 3 ชั้น,43.0,นายเจต  ทองแก้ว
2025-01-15,16:06:00,มูลฝอยทั่วไป,บ้านพักเจ้าหน้าที่ หน้าห้องซ่อมบำรุง,154.56,นายเจต  ทองแก้ว
2025-01-15,16:06:00,มูลฝอยทั่วไป,จุดพัก ใต้บันได ATM,148.23,นายเจต  ทองแก้ว
2025-01-15,16:06:00,มูลฝอยทั่วไป,บ้านพักเจ้าหน้าที่ แฟลตปลางทอง,30.32,นายเจต  ทองแก้ว
2025-01-15,16:06:00,มูลฝอยทั่วไป,หน่วยงานยานพาหนะ,32.45,นายเจต  ทองแก้ว
2025-01-15,16:06:00,มูลฝอยอินทรีย์,งานโภชนาการ,19.34,นายเจต  ทองแก้ว
2025-01-16,16:29:00,มูลฝอยทั่วไป,บ้านพักเจ้าหน้าที่ หน้าห้องซ่อมบำรุง,156.32,นายเจต  ทองแก้ว
2025-01-16,16:29:00,มูลฝอยทั่วไป,จุดพัก ใต้บันได ATM,148.2,นายเจต  ทองแก้ว
2025-01-16,16:29:00,มูลฝอยทั่วไป,บ้านพักเจ้าหน้าที่ แฟลตเก่า,32.9,นายเจต  ทองแก้ว
2025-01-16,16:29:00,มูลฝอยทั่วไป,บ้านพักเจ้าหน้าที่ แฟลต 48 ยูนิต,36.45,นายเจต  ทองแก้ว
2025-01-16,16:29:00,มูลฝอยอินทรีย์,งานโภชนาการ,20.21,นายเจต  ทองแก้ว
2025-01-17,16:05:00,มูลฝอยทั่วไป,บ้านพักเจ้าหน้าที่ หน้าห้องซ่อมบำรุง,165.9,นายเจต  ทองแก้ว
2025-01-17,16:05:00,มูลฝอยทั่วไป,จุดพัก ใต้บันได ATM,143.34,นายเจต  ทองแก้ว
2025-01-17,16:05:00,มูลฝอยทั่วไป,หน่วยงานยานพาหนะ,35.25,นายเจต  ทองแก้ว
2025-01-17,16:05:00,มูลฝอยทั่วไป,จุดรับส่งพัสดุ เอกชน,52.89,นายเจต  ทองแก้ว
2025-01-17,16:05:00,มูลฝอยอินทรีย์,งานโภชนาการ,18.23,นายเจต  ทองแก้ว
2025-01-18,16:08:00,มูลฝอยทั่วไป,บ้านพักเจ้าหน้าที่ หน้าห้องซ่อมบำรุง,139.34,นายเจต  ทองแก้ว
2025-01-18,16:08:00,มูลฝอยทั่วไป,จุดพัก ใต้บันได ATM,128.45,นายเจต  ทองแก้ว
2025-01-18,16:08:00,มูลฝอยทั่วไป,บ้านพักเจ้าหน้าที่ แฟลตปลางทอง,34.56,นายเจต  ทองแก้ว
2025-01-18,16:08:00,มูลฝอยทั่วไป,บ้านพักเจ้าหน้าที่ แฟลตม่านฟ้า,32.68,นายเจต  ทองแก้ว
2025-01-18,16:08:00,มูลฝอยอินทรีย์,งานโภชนาการ,17.32,นายเจต  ทองแก้ว
2025-01-19,16:02:00,มูลฝอยทั่วไป,บ้านพักเจ้าหน้าที่ หน้าห้องซ่อมบำรุง,155.65,นายเจต  ทองแก้ว
2025-01-19,16:02:00,มูลฝอยทั่วไป,จุดพัก ใต้บันได ATM,132.32,นายเจต  ทองแก้ว
2025-01-19,16:02:00,มูลฝอยทั่วไป,บ้านพักเจ้าหน้าที่ แฟลตเก่า,34.63,นายเจต  ทองแก้ว
2025-01-19,16:02:00,มูลฝอยทั่วไป,บ้านพักเจ้าหน้าที่ แฟลต 48 ยูนิต,31.42,นายเจต  ทองแก้ว
2025-01-19,16:02:00,มูลฝอยอินทรีย์,งานโภชนาการ,16.37,นายเจต  ทองแก้ว
2025-01-20,16:02:00,มูลฝอยทั่วไป,บ้านพักเจ้าหน้าที่ หน้าห้องซ่อมบำรุง,148.72,นายเจต  ทองแก้ว
2025-01-20,16:02:00,มูลฝอยทั่วไป,จุดพัก ใต้บันได ATM,132.36,นายเจต  ทองแก้ว
2025-01-20,16:02:00,มูลฝอยทั่วไป,หน่วยงานยานพาหนะ,36.25,นายเจต  ทองแก้ว
2025-01-20,16:02:00,มูลฝอยทั่วไป,จุดรับส่งพัสดุ เอกชน,42.6,นายเจต  ทองแก้ว
2025-01-20,16:02:00,มูลฝอยอินทรีย์,งานโภชนาการ,20.35,นายเจต  ทองแก้ว
2025-01-21,16:03:00,มูลฝอยทั่วไป,บ้านพักเจ้าหน้าที่ หน้าห้องซ่อมบำรุง,135.23,นายเจต  ทองแก้ว
2025-01-21,16:03:00,มูลฝอยทั่วไป,จุดพัก ใต้บันได ATM,126.76,นายเจต  ทองแก้ว
2025-01-21,16:03:00,มูลฝอยทั่วไป,บ้านพักเจ้าหน้าที่ แฟลตปลางทอง,35.4,นายเจต  ทองแก้ว
2025-01-21,16:03:00,มูลฝอยทั่วไป,บ้านพักเจ้าหน้าที่ แฟลตม่านฟ้า,34.41,นายเจต  ทองแก้ว
2025-01-21,16:03:00,มูลฝอยอินทรีย์,งานโภชนาการ,19.3,นายเจต  ทองแก้ว
2025-01-22,14:00:00,มูลฝอยอันตราย,จุดพัก OPD อาคาร 3 ชั้น,45.0,นายเจต  ทองแก้ว
2025-01-22,14:00:00,มูลฝอยอันตราย,จุดพัก ATM,40.0,นายเจต  ทองแก้ว
2025-01-22,16:06:00,มูลฝอยทั่วไป,บ้านพักเจ้าหน้าที่ หน้าห้องซ่อมบำรุง,164.35,นายเจต  ทองแก้ว
2025-01-22,16:06:00,มูลฝอยทั่วไป,จุดพัก ใต้บันได ATM,145.32,นายเจต  ทองแก้ว
2025-01-22,16:06:00,มูลฝอยทั่วไป,บ้านพักเจ้าหน้าที่ แฟลตเก่า,32.64,นายเจต  ทองแก้ว
2025-01-22,16:06:00,มูลฝอยทั่วไป,บ้านพักเจ้าหน้าที่ แฟลต 48 ยูนิต,32.43,นายเจต  ทองแก้ว
2025-01-22,16:06:00,มูลฝอยอินทรีย์,งานโภชนาการ,20.32,นายเจต  ทองแก้ว
2025-01-23,16:04:00,มูลฝอยทั่วไป,บ้านพักเจ้าหน้าที่ หน้าห้องซ่อมบำรุง,153.45,นายเจต  ทองแก้ว
2025-01-23,16:04:00,มูลฝอยทั่วไป,จุดพัก ใต้บันได ATM,143.54,นายเจต  ทองแก้ว
2025-01-23,16:04:00,มูลฝอยทั่วไป,หน่วยงานยานพาหนะ,35.34,นายเจต  ทองแก้ว
2025-01-23,16:04:00,มูลฝอยทั่วไป,จุดรับส่งพัสดุ เอกชน,46.65,นายเจต  ทองแก้ว
2025-01-23,16:04:00,มูลฝอยอินทรีย์,งานโภชนาการ,21.54,นายเจต  ทองแก้ว
2025-01-24,16:07:00,มูลฝอยทั่วไป,บ้านพักเจ้าหน้าที่ หน้าห้องซ่อมบำรุง,164.43,นายเจต  ทองแก้ว
2025-01-24,16:07:00,มูลฝอยทั่วไป,จุดพัก ใต้บันได ATM,137.35,นายเจต  ทองแก้ว
2025-01-24,16:07:00,มูลฝอยทั่วไป,บ้านพักเจ้าหน้าที่ แฟลตปลางทอง,35.75,นายเจต  ทองแก้ว
2025-01-24,16:07:00,มูลฝอยทั่วไป,บ้านพักเจ้าหน้าที่ แฟลตเก่า,37.23,นายเจต  ทองแก้ว
2025-01-24,16:07:00,มูลฝอยอินทรีย์,งานโภชนาการ,19.64,นายเจต  ทองแก้ว
2025-01-25,16:15:00,มูลฝอยทั่วไป,บ้านพักเจ้าหน้าที่ หน้าห้องซ่อมบำรุง,153.45,นายเจต  ทองแก้ว
2025-01-25,16:15:00,มูลฝอยทั่วไป,จุดพัก ใต้บันได ATM,143.35,นายเจต  ทองแก้ว
2025-01-25,16:15:00,มูลฝอยทั่วไป,บ้านพักเจ้าหน้าที่ แฟลต 48 ยูนิต,36.35,นายเจต  ทองแก้ว
2025-01-25,16:15:00,มูลฝอยทั่วไป,บ้านพักเจ้าหน้าที่ แฟลตม่านฟ้า,31.56,นายเจต  ทองแก้ว
2025-01-25,16:15:00,มูลฝอยอินทรีย์,งานโภชนาการ,21.32,นายเจต  ทองแก้ว
2025-01-26,16:12:00,มูลฝอยทั่วไป,บ้านพักเจ้าหน้าที่ หน้าห้องซ่อมบำรุง,148.45,นายเจต  ทองแก้ว
2025-01-26,16:12:00,มูลฝอยทั่วไป,จุดพัก ใต้บันได ATM,132.14,นายเจต  ทองแก้ว
2025-01-26,16:12:00,มูลฝอยทั่วไป,หน่วยงานยานพาหนะ,34.45,นายเจต  ทองแก้ว
2025-01-26,16:12:00,มูลฝอยทั่วไป,จุดรับส่งพัสดุ เอกชน,36.7,นายเจต  ทองแก้ว
2025-01-26,16:12:00,มูลฝอยอินทรีย์,งานโภชนาการ,19.23,นายเจต  ทองแก้ว
2025-01-27,16:05:00,มูลฝอยทั่วไป,บ้านพักเจ้าหน้าที่ หน้าห้องซ่อมบำรุง,154.43,นายเจต  ทองแก้ว
2025-01-27,16:05:00,มูลฝอยทั่วไป,จุดพัก ใต้บันได ATM,142.45,นายเจต  ทองแก้ว
2025-01-27,16:05:00,มูลฝอยทั่วไป,บ้านพักเจ้าหน้าที่ แฟลตปลางทอง,35.76,นายเจต  ทองแก้ว
2025-01-27,16:05:00,มูลฝอยทั่วไป,บ้านพักเจ้าหน้าที่ แฟลตเก่า,30.4,นายเจต  ทองแก้ว
2025-01-27,16:05:00,มูลฝอยอินทรีย์,งานโภชนาการ,18.43,นายเจต  ทองแก้ว
2025-01-28,16:05:00,มูลฝอยทั่วไป,บ้านพักเจ้าหน้าที่ หน้าห้องซ่อมบำรุง,154.32,นายเจต  ทองแก้ว
2025-01-28,16:05:00,มูลฝอยทั่วไป,จุดพัก ใต้บันได ATM,141.43,นายเจต  ทองแก้ว
2025-01-28,16:05:00,มูลฝอยทั่วไป,บ้านพักเจ้าหน้าที่ แฟลต 48 ยูนิต,32.6,นายเจต  ทองแก้ว
2025-01-28,16:05:00,มูลฝอยทั่วไป,บ้านพักเจ้าหน้าที่ แฟลตม่านฟ้า,31.45,นายเจต  ทองแก้ว
2025-01-28,16:05:00,มูลฝอยอินทรีย์,งานโภชนาการ,18.32,นายเจต  ทองแก้ว
2025-01-29,14:30:00,มูลฝอยอันตราย,หน่วยงานซ่อมบำรุง,30.25,นายเจต  ทองแก้ว
2025-01-29,14:30:00,มูลฝอยอันตราย,จุดพัก OPD อาคาร 3 ชั้น,43.32,นายเจต  ทองแก้ว
2025-01-29,14:30:00,มูลฝอยอันตราย,จุดพัก ATM,30.66,นายเจต  ทองแก้ว
2025-01-29,16:10:00,มูลฝอยทั่วไป,บ้านพักเจ้าหน้าที่ หน้าห้องซ่อมบำรุง,154.9,นายเจต  ทองแก้ว
2025-01-29,16:10:00,มูลฝอยทั่วไป,จุดพัก ใต้บันได ATM,132.16,นายเจต  ทองแก้ว
2025-01-29,16:10:00,มูลฝอยทั่วไป,หน่วยงานยานพาหนะ,36.25,นายเจต  ทองแก้ว
2025-01-29,16:10:00,มูลฝอยทั่วไป,จุดรับส่งพัสดุ เอกชน,34.54,นายเจต  ทองแก้ว
2025-01-29,16:10:00,มูลฝอยอินทรีย์,งานโภชนาการ,19.32,นายเจต  ทองแก้ว
2025-01-30,16:05:00,มูลฝอยทั่วไป,บ้านพักเจ้าหน้าที่ หน้าห้องซ่อมบำรุง,154.56,นายเจต  ทองแก้ว
2025-01-30,16:05:00,มูลฝอยทั่วไป,จุดพัก ใต้บันได ATM,142.25,นายเจต  ทองแก้ว
2025-01-30,16:05:00,มูลฝอยทั่วไป,บ้านพักเจ้าหน้าที่ แฟลตปลางทอง,34.7,นายเจต  ทองแก้ว
2025-01-30,16:05:00,มูลฝอยทั่วไป,บ้านพักเจ้าหน้าที่ แฟลตเก่า,31.4,นายเจต  ทองแก้ว
2025-01-30,16:05:00,มูลฝอยอินทรีย์,งานโภชนาการ,20.23,นายเจต  ทองแก้ว
2025-01-31,16:16:00,มูลฝอยทั่วไป,บ้านพักเจ้าหน้าที่ หน้าห้องซ่อมบำรุง,164.44,นายเจต  ทองแก้ว
2025-01-31,16:16:00,มูลฝอยทั่วไป,จุดพัก ใต้บันได ATM,142.23,นายเจต  ทองแก้ว
2025-01-31,16:16:00,มูลฝอยทั่วไป,หน่วยงานยานพาหนะ,34.35,นายเจต  ทองแก้ว
2025-01-31,16:16:00,มูลฝอยทั่วไป,จุดรับส่งพัสดุ เอกชน,32.55,นายเจต  ทองแก้ว
2025-01-31,16:16:00,มูลฝอยอินทรีย์,งานโภชนาการ,20.23,นายเจต  ทองแก้ว
2025-02-01,16:07:00,มูลฝอยทั่วไป,บ้านพักเจ้าหน้าที่ หน้าห้องซ่อมบำรุง,149.32,นายเจต  ทองแก้ว
2025-02-01,16:07:00,มูลฝอยทั่วไป,จุดพัก ใต้บันได ATM,138.43,นายเจต  ทองแก้ว
2025-02-01,16:07:00,มูลฝอยทั่วไป,บ้านพักเจ้าหน้าที่ แฟลต 48 ยูนิต,34.64,นายเจต  ทองแก้ว
2025-02-01,16:07:00,มูลฝอยทั่วไป,บ้านพักเจ้าหน้าที่ แฟลตม่านฟ้า,34.25,นายเจต  ทองแก้ว
2025-02-01,16:07:00,มูลฝอยอินทรีย์,งานโภชนาการ,20.12,นายเจต  ทองแก้ว
2025-02-02,16:03:00,มูลฝอยทั่วไป,บ้านพักเจ้าหน้าที่ หน้าห้องซ่อมบำรุง,154.35,นายเจต  ทองแก้ว
2025-02-02,16:03:00,มูลฝอยทั่วไป,จุดพัก ใต้บันได ATM,143.25,นายเจต  ทองแก้ว
2025-02-02,16:03:00,มูลฝอยทั่วไป,บ้านพักเจ้าหน้าที่ แฟลตปลางทอง,31.45,นายเจต  ทองแก้ว
2025-02-02,16:03:00,มูลฝอยทั่วไป,บ้านพักเจ้าหน้าที่ แฟลตเก่า,37.67,นายเจต  ทองแก้ว
2025-02-02,16:03:00,มูลฝอยอินทรีย์,งานโภชนาการ,19.45,นายเจต  ทองแก้ว
2025-02-03,16:05:00,มูลฝอยทั่วไป,บ้านพักเจ้าหน้าที่ หน้าห้องซ่อมบำรุง,154.35,นายเจต  ทองแก้ว
2025-02-03,16:05:00,มูลฝอยทั่วไป,จุดพัก ใต้บันได ATM,142.45,นายเจต  ทองแก้ว
2025-02-03,16:05:00,มูลฝอยทั่วไป,หน่วยงานยานพาหนะ,35.67,นายเจต  ทองแก้ว
2025-02-03,16:05:00,มูลฝอยทั่วไป,จุดรับส่งพัสดุ เอกชน,37.21,นายเจต  ทองแก้ว
2025-02-03,16:05:00,มูลฝอยอินทรีย์,งานโภชนาการ,19.7,นายเจต  ทองแก้ว
2025-02-04,16:19:00,มูลฝอยทั่วไป,บ้านพักเจ้าหน้าที่ หน้าห้องซ่อมบำรุง,154.34,นายเจต  ทองแก้ว
2025-02-04,16:19:00,มูลฝอยทั่วไป,จุดพัก ใต้บันได ATM,143.23,นายเจต  ทองแก้ว
2025-02-04,16:19:00,มูลฝอยทั่วไป,บ้านพักเจ้าหน้าที่ แฟลต 48 ยูนิต,34.65,นายเจต  ทองแก้ว
2025-02-04,16:19:00,มูลฝอยทั่วไป,บ้านพักเจ้าหน้าที่ แฟลตม่านฟ้า,34.45,นายเจต  ทองแก้ว
2025-02-04,16:19:00,มูลฝอยอินทรีย์,งานโภชนาการ,20.23,นายเจต  ทองแก้ว
2025-02-05,14:30:00,มูลฝอยอันตราย,จุดพัก OPD อาคาร 3 ชั้น,44.6,นายเจต  ทองแก้ว
2025-02-05,14:30:00,มูลฝอยอันตราย,จุดพัก ATM,36.3,นายเจต  ทองแก้ว
2025-02-05,14:30:00,มูลฝอยอันตราย,หน่วยงานจ่ายกลาง,8.15,นายเจต  ทองแก้ว
2025-02-05,16:08:00,มูลฝอยทั่วไป,บ้านพักเจ้าหน้าที่ หน้าห้องซ่อมบำรุง,143.54,นายเจต  ทองแก้ว
2025-02-05,16:08:00,มูลฝอยทั่วไป,จุดพัก ใต้บันได ATM,132.15,นายเจต  ทองแก้ว
2025-02-05,16:08:00,มูลฝอยทั่วไป,บ้านพักเจ้าหน้าที่ แฟลตปลางทอง,32.15,นายเจต  ทองแก้ว
2025-02-05,16:08:00,มูลฝอยทั่วไป,บ้านพักเจ้าหน้าที่ แฟลตเก่า,35.21,นายเจต  ทองแก้ว
2025-02-05,16:08:00,มูลฝอยอินทรีย์,งานโภชนาการ,19.1,นายเจต  ทองแก้ว
2025-02-06,16:15:00,มูลฝอยทั่วไป,บ้านพักเจ้าหน้าที่ หน้าห้องซ่อมบำรุง,143.21,นายเจต  ทองแก้ว
2025-02-06,16:15:00,มูลฝอยทั่วไป,จุดพัก ใต้บันได ATM,137.4,นายเจต  ทองแก้ว
2025-02-06,16:15:00,มูลฝอยทั่วไป,หน่วยงานยานพาหนะ,34.25,นายเจต  ทองแก้ว
2025-02-06,16:15:00,มูลฝอยทั่วไป,จุดรับส่งพัสดุ เอกชน,32.63,นายเจต  ทองแก้ว
2025-02-06,16:15:00,มูลฝอยอินทรีย์,งานโภชนาการ,20.32,นายเจต  ทองแก้ว
2025-02-07,16:14:00,มูลฝอยทั่วไป,บ้านพักเจ้าหน้าที่ หน้าห้องซ่อมบำรุง,154.3,นายเจต  ทองแก้ว
2025-02-07,16:14:00,มูลฝอยทั่วไป,จุดพัก ใต้บันได ATM,147.35,นายเจต  ทองแก้ว
2025-02-07,16:14:00,มูลฝอยทั่วไป,บ้านพักเจ้าหน้าที่ แฟลต 48 ยูนิต,35.15,นายเจต  ทองแก้ว
2025-02-07,16:14:00,มูลฝอยทั่วไป,บ้านพักเจ้าหน้าที่ แฟลตม่านฟ้า,31.5,นายเจต  ทองแก้ว
2025-02-07,16:14:00,มูลฝอยอินทรีย์,งานโภชนาการ,19.46,นายเจต  ทองแก้ว
2025-02-08,16:05:00,มูลฝอยทั่วไป,บ้านพักเจ้าหน้าที่ หน้าห้องซ่อมบำรุง,154.67,นายเจต  ทองแก้ว
2025-02-08,16:05:00,มูลฝอยทั่วไป,จุดพัก ใต้บันได ATM,148.35,นายเจต  ทองแก้ว
2025-02-08,16:05:00,มูลฝอยทั่วไป,บ้านพักเจ้าหน้าที่ แฟลตปลางทอง,34.15,นายเจต  ทองแก้ว
2025-02-08,16:05:00,มูลฝอยทั่วไป,บ้านพักเจ้าหน้าที่ แฟลตเก่า,35.25,นายเจต  ทองแก้ว
2025-02-08,16:05:00,มูลฝอยอินทรีย์,งานโภชนาการ,20.15,นายเจต  ทองแก้ว
2025-02-09,16:04:00,มูลฝอยทั่วไป,บ้านพักเจ้าหน้าที่ หน้าห้องซ่อมบำรุง,151.35,นายเจต  ทองแก้ว
2025-02-09,16:04:00,มูลฝอยทั่วไป,จุดพัก ใต้บันได ATM,147.26,นายเจต  ทองแก้ว
2025-02-09,16:04:00,มูลฝอยทั่วไป,หน่วยงานยานพาหนะ,36.74,นายเจต  ทองแก้ว
2025-02-09,16:04:00,มูลฝอยทั่วไป,จุดรับส่งพัสดุ เอกชน,32.35,นายเจต  ทองแก้ว
2025-02-09,16:04:00,มูลฝอยอินทรีย์,งานโภชนาการ,20.31,นายเจต  ทองแก้ว
2025-02-10,16:02:00,มูลฝอยทั่วไป,บ้านพักเจ้าหน้าที่ หน้าห้องซ่อมบำรุง,156.32,นายเจต  ทองแก้ว
2025-02-10,16:02:00,มูลฝอยทั่วไป,จุดพัก ใต้บันได ATM,147.9,นายเจต  ทองแก้ว
2025-02-10,16:02:00,มูลฝอยทั่วไป,บ้านพักเจ้าหน้าที่ แฟลต 48 ยูนิต,37.26,นายเจต  ทองแก้ว
2025-02-10,16:02:00,มูลฝอยทั่วไป,บ้านพักเจ้าหน้าที่ แฟลตม่านฟ้า,34.15,นายเจต  ทองแก้ว
2025-02-10,16:02:00,มูลฝอยอินทรีย์,งานโภชนาการ,19.4,นายเจต  ทองแก้ว
2025-02-11,16:19:00,มูลฝอยทั่วไป,บ้านพักเจ้าหน้าที่ หน้าห้องซ่อมบำรุง,154.25,นายเจต  ทองแก้ว
2025-02-11,16:19:00,มูลฝอยทั่วไป,จุดพัก ใต้บันได ATM,145.76,นายเจต  ทองแก้ว
2025-02-11,16:19:00,มูลฝอยทั่วไป,บ้านพักเจ้าหน้าที่ แฟลตปลางทอง,37.25,นายเจต  ทองแก้ว
2025-02-11,16:19:00,มูลฝอยทั่วไป,บ้านพักเจ้าหน้าที่ แฟลตเก่า,35.19,นายเจต  ทองแก้ว
2025-02-11,16:19:00,มูลฝอยอินทรีย์,งานโภชนาการ,20.45,นายเจต  ทองแก้ว
2025-02-12,14:30:00,มูลฝอยอันตราย,หน่วยงาน OR ห้องผ่าตัด,12.25,นายเจต  ทองแก้ว
2025-02-12,14:30:00,มูลฝอยอันตราย,จุดพัก OPD อาคาร 3 ชั้น,42.15,นายเจต  ทองแก้ว
2025-02-12,16:21:00,มูลฝอยทั่วไป,บ้านพักเจ้าหน้าที่ หน้าห้องซ่อมบำรุง,149.26,นายเจต  ทองแก้ว
2025-02-12,16:21:00,มูลฝอยทั่วไป,จุดพัก ใต้บันได ATM,143.15,นายเจต  ทองแก้ว
2025-02-12,16:21:00,มูลฝอยทั่วไป,หน่วยงานยานพาหนะ,32.64,นายเจต  ทองแก้ว
2025-02-12,16:21:00,มูลฝอยทั่วไป,จุดรับส่งพัสดุ เอกชน,37.69,นายเจต  ทองแก้ว
2025-02-12,16:21:00,มูลฝอยอินทรีย์,งานโภชนาการ,18.32,นายเจต  ทองแก้ว
2025-02-13,16:30:00,มูลฝอยทั่วไป,บ้านพักเจ้าหน้าที่ หน้าห้องซ่อมบำรุง,162.23,นายเจต  ทองแก้ว
2025-02-13,16:30:00,มูลฝอยทั่วไป,จุดพัก ใต้บันได ATM,132.34,นายเจต  ทองแก้ว
2025-02-13,16:30:00,มูลฝอยทั่วไป,บ้านพักเจ้าหน้าที่ แฟลต 48 ยูนิต,36.27,นายเจต  ทองแก้ว
2025-02-13,16:30:00,มูลฝอยทั่วไป,บ้านพักเจ้าหน้าที่ แฟลตม่านฟ้า,32.45,นายเจต  ทองแก้ว
2025-02-13,16:30:00,มูลฝอยอินทรีย์,งานโภชนาการ,18.23,นายเจต  ทองแก้ว
2025-02-14,16:13:00,มูลฝอยทั่วไป,บ้านพักเจ้าหน้าที่ หน้าห้องซ่อมบำรุง,154.23,นายเจต  ทองแก้ว
2025-02-14,16:13:00,มูลฝอยทั่วไป,จุดพัก ใต้บันได ATM,141.56,นายเจต  ทองแก้ว
2025-02-14,16:13:00,มูลฝอยทั่วไป,บ้านพักเจ้าหน้าที่ แฟลตปลางทอง,35.1,นายเจต  ทองแก้ว
2025-02-14,16:13:00,มูลฝอยทั่วไป,บ้านพักเจ้าหน้าที่ แฟลตเก่า,36.16,นายเจต  ทองแก้ว
2025-02-14,16:13:00,มูลฝอยอินทรีย์,งานโภชนาการ,20.16,นายเจต  ทองแก้ว
2025-02-15,16:15:00,มูลฝอยทั่วไป,บ้านพักเจ้าหน้าที่ หน้าห้องซ่อมบำรุง,161.36,นายเจต  ทองแก้ว
2025-02-15,16:15:00,มูลฝอยทั่วไป,จุดพัก ใต้บันได ATM,154.25,นายเจต  ทองแก้ว
2025-02-15,16:15:00,มูลฝอยทั่วไป,หน่วยงานยานพาหนะ,34.15,นายเจต  ทองแก้ว
2025-02-15,16:15:00,มูลฝอยทั่วไป,จุดรับส่งพัสดุ เอกชน,45.15,นายเจต  ทองแก้ว
2025-02-15,16:15:00,มูลฝอยอินทรีย์,งานโภชนาการ,18.3,นายเจต  ทองแก้ว
2025-02-16,16:13:00,มูลฝอยทั่วไป,บ้านพักเจ้าหน้าที่ หน้าห้องซ่อมบำรุง,145.27,นายเจต  ทองแก้ว
2025-02-16,16:13:00,มูลฝอยทั่วไป,จุดพัก ใต้บันได ATM,132.23,นายเจต  ทองแก้ว
2025-02-16,16:13:00,มูลฝอยทั่วไป,บ้านพักเจ้าหน้าที่ แฟลต 48 ยูนิต,37.24,นายเจต  ทองแก้ว
2025-02-16,16:13:00,มูลฝอยทั่วไป,บ้านพักเจ้าหน้าที่ แฟลตม่านฟ้า,36.23,นายเจต  ทองแก้ว
2025-02-16,16:13:00,มูลฝอยอินทรีย์,งานโภชนาการ,19.13,นายเจต  ทองแก้ว
2025-02-17,16:12:00,มูลฝอยทั่วไป,บ้านพักเจ้าหน้าที่ หน้าห้องซ่อมบำรุง,137.1,นายเจต  ทองแก้ว
2025-02-17,16:12:00,มูลฝอยทั่วไป,จุดพัก ใต้บันได ATM,130.25,นายเจต  ทองแก้ว
2025-02-17,16:12:00,มูลฝอยทั่วไป,บ้านพักเจ้าหน้าที่ แฟลตปลางทอง,36.1,นายเจต  ทองแก้ว
2025-02-17,16:12:00,มูลฝอยทั่วไป,บ้านพักเจ้าหน้าที่ แฟลตเก่า,37.28,นายเจต  ทองแก้ว
2025-02-17,16:12:00,มูลฝอยอินทรีย์,งานโภชนาการ,20.16,นายเจต  ทองแก้ว
2025-02-19,14:30:00,มูลฝอยอันตราย,จุดพัก OPD อาคาร 3 ชั้น,51.34,นายเจต  ทองแก้ว
2025-02-19,14:30:00,มูลฝอยอันตราย,จุดพัก ATM,23.66,นายเจต  ทองแก้ว
2025-02-19,16:25:00,มูลฝอยทั่วไป,บ้านพักเจ้าหน้าที่ หน้าห้องซ่อมบำรุง,154.23,นายเจต  ทองแก้ว
2025-02-19,16:25:00,มูลฝอยทั่วไป,จุดพัก ใต้บันได ATM,143.64,นายเจต  ทองแก้ว
2025-02-19,16:25:00,มูลฝอยทั่วไป,หน่วยงานยานพาหนะ,37.65,นายเจต  ทองแก้ว
2025-02-19,16:25:00,มูลฝอยทั่วไป,จุดรับส่งพัสดุ เอกชน,35.15,นายเจต  ทองแก้ว
2025-02-19,16:25:00,มูลฝอยอินทรีย์,งานโภชนาการ,19.25,นายเจต  ทองแก้ว
2025-02-20,16:05:00,มูลฝอยทั่วไป,บ้านพักเจ้าหน้าที่ หน้าห้องซ่อมบำรุง,159.5,นายเจต  ทองแก้ว
2025-02-20,16:05:00,มูลฝอยทั่วไป,จุดพัก ใต้บันได ATM,146.35,นายเจต  ทองแก้ว
2025-02-20,16:05:00,มูลฝอยทั่วไป,บ้านพักเจ้าหน้าที่ แฟลต 48 ยูนิต,35.64,นายเจต  ทองแก้ว
2025-02-20,16:05:00,มูลฝอยทั่วไป,บ้านพักเจ้าหน้าที่ แฟลตม่านฟ้า,34.25,นายเจต  ทองแก้ว
2025-02-20,16:05:00,มูลฝอยอินทรีย์,งานโภชนาการ,20.15,นายเจต  ทองแก้ว
2025-02-26,14:30:00,มูลฝอยอันตราย,จุดพัก OPD อาคาร 3 ชั้น,45.31,นายเจต  ทองแก้ว
2025-03-12,14:30:00,มูลฝอยอันตราย,จุดพัก OPD อาคาร 3 ชั้น,38.64,นายเจต  ทองแก้ว
2025-03-12,14:30:00,มูลฝอยอันตราย,จุดพัก ATM,41.35,นายเจต  ทองแก้ว
2025-03-13,10:00:00,มูลฝอยรีไซเคิล,กระดาษกล่อง,566.0,นางสุดาวรรณ จุลสุข
2025-03-13,10:00:00,มูลฝอยรีไซเคิล,เศษกระดาษ จับจ๊๊ว,298.0,นางสุดาวรรณ จุลสุข
2025-03-13,10:00:00,มูลฝอยรีไซเคิล,ขวดพลาสติก,11.0,นางสุดาวรรณ จุลสุข
2025-03-13,10:00:00,มูลฝอยรีไซเคิล,พลาสติกรวม,153.0,นางสุดาวรรณ จุลสุข
2025-03-13,10:00:00,มูลฝอยรีไซเคิล,เหล็ก,6.0,นางสุดาวรรณ จุลสุข
2025-03-13,10:00:00,มูลฝอยรีไซเคิล,อลูมิเนียม,4.0,นางสุดาวรรณ จุลสุข
2025-03-13,10:00:00,มูลฝอยรีไซเคิล,ขวดแก้ว,27.0,นางสุดาวรรณ จุลสุข
2025-03-19,14:30:00,มูลฝอยอันตราย,จุดพัก ATM,31.7,นายเจต  ทองแก้ว
2025-03-26,14:30:00,มูลฝอยอันตราย,หน่วยงานซ่อมบำรุง,36.54,นายเจต  ทองแก้ว
2025-03-26,14:30:00,มูลฝอยอันตราย,จุดพัก OPD อาคาร 3 ชั้น,51.3,นายเจต  ทองแก้ว
2025-03-26,14:30:00,มูลฝอยอันตราย,จุดพัก ATM,36.25,นายเจต  ทองแก้ว
2025-04-03,14:30:00,มูลฝอยอันตราย,จุดพัก OPD อาคาร 3 ชั้น,48.35,นายเจต  ทองแก้ว
2025-04-03,14:30:00,มูลฝอยอันตราย,จุดพัก ATM,42.3,นายเจต  ทองแก้ว
2025-04-03,14:30:00,มูลฝอยอันตราย,หน่วยงานจ่ายกลาง,6.0,นายเจต  ทองแก้ว
2025-04-10,14:30:00,มูลฝอยอันตราย,จุดพัก ATM,36.15,นายเจต  ทองแก้ว
2025-04-15,16:14:00,มูลฝอยทั่วไป,บ้านพักเจ้าหน้าที่ หน้าห้องซ่อมบำรุง,3522.0,นายเจต  ทองแก้ว
2025-04-15,16:14:00,มูลฝอยทั่วไป,จุดพัก ใต้บันได ATM,3780.0,นายเจต  ทองแก้ว
2025-04-15,16:14:00,มูลฝอยทั่วไป,บ้านพักเจ้าหน้าที่ แฟลตปลางทอง,543.0,นายเจต  ทองแก้ว
2025-04-15,16:14:00,มูลฝอยทั่วไป,บ้านพักเจ้าหน้าที่ แฟลตเก่า,534.0,นายเจต  ทองแก้ว
2025-04-15,16:14:00,มูลฝอยทั่วไป,บ้านพักเจ้าหน้าที่ แฟลต 48 ยูนิต,645.0,นายเจต  ทองแก้ว
2025-04-15,16:14:00,มูลฝอยทั่วไป,บ้านพักเจ้าหน้าที่ แฟลตม่านฟ้า,470.0,นายเจต  ทองแก้ว
2025-04-15,16:14:00,มูลฝอยทั่วไป,หน่วยงานยานพาหนะ,547.0,นายเจต  ทองแก้ว
2025-04-15,16:14:00,มูลฝอยทั่วไป,จุดรับส่งพัสดุ เอกชน,645.0,นายเจต  ทองแก้ว
2025-04-15,16:14:00,มูลฝอยอินทรีย์,งานโภชนาการ,190.0,นายเจต  ทองแก้ว
2025-04-16,14:30:00,มูลฝอยอันตราย,จุดพัก OPD อาคาร 3 ชั้น,53.2,นายเจต  ทองแก้ว
2025-04-16,14:30:00,มูลฝอยอันตราย,จุดพัก ATM,41.35,นายเจต  ทองแก้ว
2025-04-28,11:00:00,มูลฝอยรีไซเคิล,ตลับหมึกเครื่องพิมพ์,22.0,นางสุดาวรรณ จุลสุข
2025-04-30,14:30:00,มูลฝอยอันตราย,จุดพัก OPD อาคาร 3 ชั้น,46.6,นายเจต  ทองแก้ว
2025-04-30,14:30:00,มูลฝอยอันตราย,จุดพัก ATM,42.35,นายเจต  ทองแก้ว
2025-04-30,16:13:00,มูลฝอยทั่วไป,บ้านพักเจ้าหน้าที่ หน้าห้องซ่อมบำรุง,3460.0,นายเจต  ทองแก้ว
2025-04-30,16:13:00,มูลฝอยทั่วไป,จุดพัก ใต้บันได ATM,3134.0,นายเจต  ทองแก้ว
2025-04-30,16:13:00,มูลฝอยทั่วไป,บ้านพักเจ้าหน้าที่ แฟลตปลางทอง,340.0,นายเจต  ทองแก้ว
2025-04-30,16:13:00,มูลฝอยทั่วไป,บ้านพักเจ้าหน้าที่ แฟลตเก่า,425.0,นายเจต  ทองแก้ว
2025-04-30,16:13:00,มูลฝอยทั่วไป,บ้านพักเจ้าหน้าที่ แฟลต 48 ยูนิต,521.0,นายเจต  ทองแก้ว
2025-04-30,16:13:00,มูลฝอยทั่วไป,บ้านพักเจ้าหน้าที่ แฟลตม่านฟ้า,450.0,นายเจต  ทองแก้ว
2025-04-30,16:13:00,มูลฝอยทั่วไป,หน่วยงานยานพาหนะ,645.0,นายเจต  ทองแก้ว
2025-04-30,16:13:00,มูลฝอยทั่วไป,จุดรับส่งพัสดุ เอกชน,643.0,นายเจต  ทองแก้ว
2025-04-30,16:13:00,มูลฝอยอินทรีย์,งานโภชนาการ,180.0,นายเจต  ทองแก้ว
2025-05-07,14:30:00,มูลฝอยอันตราย,จุดพัก OPD อาคาร 3 ชั้น,52.45,นายเจต  ทองแก้ว
2025-05-07,14:30:00,มูลฝอยอันตราย,จุดพัก ATM,30.4,นายเจต  ทองแก้ว
2025-05-15,16:02:00,มูลฝอยทั่วไป,บ้านพักเจ้าหน้าที่ หน้าห้องซ่อมบำรุง,2250.0,นายเจต  ทองแก้ว
2025-05-15,16:02:00,มูลฝอยทั่วไป,จุดพัก ใต้บันได ATM,2066.0,นายเจต  ทองแก้ว
2025-05-15,16:02:00,มูลฝอยทั่วไป,บ้านพักเจ้าหน้าที่ แฟลตปลางทอง,543.0,นายเจต  ทองแก้ว
2025-05-15,16:02:00,มูลฝอยทั่วไป,บ้านพักเจ้าหน้าที่ แฟลตเก่า,571.0,นายเจต  ทองแก้ว
2025-05-15,16:02:00,มูลฝอยทั่วไป,บ้านพักเจ้าหน้าที่ แฟลต 48 ยูนิต,621.0,นายเจต  ทองแก้ว
2025-05-15,16:02:00,มูลฝอยทั่วไป,บ้านพักเจ้าหน้าที่ แฟลตม่านฟ้า,527.0,นายเจต  ทองแก้ว
2025-05-15,16:02:00,มูลฝอยทั่วไป,หน่วยงานยานพาหนะ,546.0,นายเจต  ทองแก้ว
2025-05-15,16:02:00,มูลฝอยทั่วไป,จุดรับส่งพัสดุ เอกชน,624.0,นายเจต  ทองแก้ว
2025-05-15,16:02:00,มูลฝอยอินทรีย์,งานโภชนาการ,192.0,นายเจต  ทองแก้ว
2025-05-21,14:30:00,มูลฝอยอันตราย,หน่วยงาน OR ห้องผ่าตัด,8.25,นายเจต  ทองแก้ว
2025-05-21,14:30:00,มูลฝอยอันตราย,จุดพัก OPD อาคาร 3 ชั้น,48.6,นายเจต  ทองแก้ว
2025-05-21,14:30:00,มูลฝอยอันตราย,จุดพัก ATM,48.35,นายเจต  ทองแก้ว
2025-05-28,14:30:00,มูลฝอยอันตราย,จุดพัก OPD อาคาร 3 ชั้น,49.15,นายเจต  ทองแก้ว
2025-05-28,14:30:00,มูลฝอยอันตราย,จุดพัก ATM,38.64,นายเจต  ทองแก้ว
2025-05-29,10:30:00,มูลฝอยรีไซเคิล,กระดาษกล่อง,458.0,นางสุดาวรรณ จุลสุข
2025-05-29,10:30:00,มูลฝอยรีไซเคิล,เศษกระดาษ จับจ๊๊ว,388.0,นางสุดาวรรณ จุลสุข
2025-05-29,10:30:00,มูลฝอยรีไซเคิล,ขวดพลาสติก,51.0,นางสุดาวรรณ จุลสุข
2025-05-29,10:30:00,มูลฝอยรีไซเคิล,พลาสติกรวม,131.0,นางสุดาวรรณ จุลสุข
2025-05-29,10:30:00,มูลฝอยรีไซเคิล,ขวดแก้ว,35.0,นางสุดาวรรณ จุลสุข
2025-05-31,16:23:00,มูลฝอยทั่วไป,บ้านพักเจ้าหน้าที่ หน้าห้องซ่อมบำรุง,2380.0,นายเจต  ทองแก้ว
2025-05-31,16:23:00,มูลฝอยทั่วไป,จุดพัก ใต้บันได ATM,2138.0,นายเจต  ทองแก้ว
2025-05-31,16:23:00,มูลฝอยทั่วไป,บ้านพักเจ้าหน้าที่ แฟลตปลางทอง,462.0,นายเจต  ทองแก้ว
2025-05-31,16:23:00,มูลฝอยทั่วไป,บ้านพักเจ้าหน้าที่ แฟลตเก่า,529.0,นายเจต  ทองแก้ว
2025-05-31,16:23:00,มูลฝอยทั่วไป,บ้านพักเจ้าหน้าที่ แฟลต 48 ยูนิต,574.0,นายเจต  ทองแก้ว
2025-05-31,16:23:00,มูลฝอยทั่วไป,บ้านพักเจ้าหน้าที่ แฟลตม่านฟ้า,521.0,นายเจต  ทองแก้ว
2025-05-31,16:23:00,มูลฝอยทั่วไป,หน่วยงานยานพาหนะ,484.0,นายเจต  ทองแก้ว
2025-05-31,16:23:00,มูลฝอยทั่วไป,จุดรับส่งพัสดุ เอกชน,635.0,นายเจต  ทองแก้ว
2025-05-31,16:23:00,มูลฝอยอินทรีย์,งานโภชนาการ,213.0,นายเจต  ทองแก้ว
2025-06-11,14:30:00,มูลฝอยอันตราย,จุดพัก OPD อาคาร 3 ชั้น,49.6,นายเจต  ทองแก้ว
2025-06-11,14:30:00,มูลฝอยอันตราย,จุดพัก ATM,36.15,นายเจต  ทองแก้ว
2025-06-15,16:04:00,มูลฝอยทั่วไป,บ้านพักเจ้าหน้าที่ หน้าห้องซ่อมบำรุง,2342.0,นายเจต  ทองแก้ว
2025-06-15,16:04:00,มูลฝอยทั่วไป,จุดพัก ใต้บันได ATM,2087.0,นายเจต  ทองแก้ว
2025-06-15,16:04:00,มูลฝอยทั่วไป,บ้านพักเจ้าหน้าที่ แฟลตปลางทอง,470.0,นายเจต  ทองแก้ว
2025-06-15,16:04:00,มูลฝอยทั่วไป,บ้านพักเจ้าหน้าที่ แฟลตเก่า,432.0,นายเจต  ทองแก้ว
2025-06-15,16:04:00,มูลฝอยทั่วไป,บ้านพักเจ้าหน้าที่ แฟลต 48 ยูนิต,521.0,นายเจต  ทองแก้ว
2025-06-15,16:04:00,มูลฝอยทั่วไป,บ้านพักเจ้าหน้าที่ แฟลตม่านฟ้า,490.0,นายเจต  ทองแก้ว
2025-06-15,16:04:00,มูลฝอยทั่วไป,หน่วยงานยานพาหนะ,451.0,นายเจต  ทองแก้ว
2025-06-15,16:04:00,มูลฝอยทั่วไป,จุดรับส่งพัสดุ เอกชน,532.0,นายเจต  ทองแก้ว
2025-06-15,16:04:00,มูลฝอยอินทรีย์,งานโภชนาการ,184.0,นายเจต  ทองแก้ว
2025-06-25,14:30:00,มูลฝอยอันตราย,จุดพัก OPD อาคาร 3 ชั้น,41.45,นายเจต  ทองแก้ว
2025-06-25,14:30:00,มูลฝอยอันตราย,จุดพัก ATM,52.21,นายเจต  ทองแก้ว
2025-06-30,16:12:00,มูลฝอยทั่วไป,บ้านพักเจ้าหน้าที่ หน้าห้องซ่อมบำรุง,2342.0,นายเจต  ทองแก้ว
2025-06-30,16:12:00,มูลฝอยทั่วไป,จุดพัก ใต้บันได ATM,2064.0,นายเจต  ทองแก้ว
2025-06-30,16:12:00,มูลฝอยทั่วไป,บ้านพักเจ้าหน้าที่ แฟลตปลางทอง,476.0,นายเจต  ทองแก้ว
2025-06-30,16:12:00,มูลฝอยทั่วไป,บ้านพักเจ้าหน้าที่ แฟลตเก่า,443.0,นายเจต  ทองแก้ว
2025-06-30,16:12:00,มูลฝอยทั่วไป,บ้านพักเจ้าหน้าที่ แฟลต 48 ยูนิต,532.0,นายเจต  ทองแก้ว
2025-06-30,16:12:00,มูลฝอยทั่วไป,บ้านพักเจ้าหน้าที่ แฟลตม่านฟ้า,431.0,นายเจต  ทองแก้ว
2025-06-30,16:12:00,มูลฝอยทั่วไป,หน่วยงานยานพาหนะ,464.0,นายเจต  ทองแก้ว
2025-06-30,16:12:00,มูลฝอยทั่วไป,จุดรับส่งพัสดุ เอกชน,540.0,นายเจต  ทองแก้ว
2025-06-30,16:12:00,มูลฝอยอินทรีย์,งานโภชนาการ,190.0,นายเจต  ทองแก้ว
2025-07-09,14:30:00,มูลฝอยอันตราย,จุดพัก OPD อาคาร 3 ชั้น,43.55,นายเจต  ทองแก้ว
2025-07-09,14:30:00,มูลฝอยอันตราย,จุดพัก ATM,46.3,นายเจต  ทองแก้ว
2025-07-15,16:18:00,มูลฝอยทั่วไป,บ้านพักเจ้าหน้าที่ หน้าห้องซ่อมบำรุง,2310.0,นายเจต  ทองแก้ว
2025-07-15,16:18:00,มูลฝอยทั่วไป,จุดพัก ใต้บันได ATM,2154.0,นายเจต  ทองแก้ว
2025-07-15,16:18:00,มูลฝอยทั่วไป,บ้านพักเจ้าหน้าที่ แฟลตปลางทอง,454.0,นายเจต  ทองแก้ว
2025-07-15,16:18:00,มูลฝอยทั่วไป,บ้านพักเจ้าหน้าที่ แฟลตเก่า,471.0,นายเจต  ทองแก้ว
2025-07-15,16:18:00,มูลฝอยทั่วไป,บ้านพักเจ้าหน้าที่ แฟลต 48 ยูนิต,532.0,นายเจต  ทองแก้ว
2025-07-15,16:18:00,มูลฝอยทั่วไป,บ้านพักเจ้าหน้าที่ แฟลตม่านฟ้า,432.0,นายเจต  ทองแก้ว
2025-07-15,16:18:00,มูลฝอยทั่วไป,หน่วยงานยานพาหนะ,422.0,นายเจต  ทองแก้ว
2025-07-15,16:18:00,มูลฝอยทั่วไป,จุดรับส่งพัสดุ เอกชน,542.0,นายเจต  ทองแก้ว
2025-07-15,16:18:00,มูลฝอยอินทรีย์,งานโภชนาการ,194.0,นายเจต  ทองแก้ว
2025-07-23,14:30:00,มูลฝอยอันตราย,จุดพัก OPD อาคาร 3 ชั้น,38.46,นายเจต  ทองแก้ว
2025-07-23,14:30:00,มูลฝอยอันตราย,จุดพัก ATM,36.6,นายเจต  ทองแก้ว
2025-07-29,11:00:00,มูลฝอยรีไซเคิล,เศษกระดาษ จับจ๊๊ว,310.0,นางสุดาวรรณ จุลสุข
2025-07-29,11:00:00,มูลฝอยรีไซเคิล,ขวดพลาสติก,4.0,นางสุดาวรรณ จุลสุข
2025-07-29,11:00:00,มูลฝอยรีไซเคิล,พลาสติกรวม,158.0,นางสุดาวรรณ จุลสุข
2025-07-29,11:00:00,มูลฝอยรีไซเคิล,ขวดแก้ว,31.0,นางสุดาวรรณ จุลสุข
2025-07-30,11:00:00,มูลฝอยรีไซเคิล,กระดาษกล่อง,901.0,นางสุดาวรรณ จุลสุข
2025-07-30,11:00:00,มูลฝอยรีไซเคิล,เศษกระดาษ จับจ๊๊ว,57.0,นางสุดาวรรณ จุลสุข
2025-07-30,14:30:00,มูลฝอยอันตราย,จุดพัก OPD อาคาร 3 ชั้น,45.65,นายเจต  ทองแก้ว
2025-07-30,14:30:00,มูลฝอยอันตราย,จุดพัก ATM,41.35,นายเจต  ทองแก้ว
2025-07-31,16:10:00,มูลฝอยทั่วไป,บ้านพักเจ้าหน้าที่ หน้าห้องซ่อมบำรุง,2341.0,นายเจต  ทองแก้ว
2025-07-31,16:10:00,มูลฝอยทั่วไป,จุดพัก ใต้บันได ATM,2230.0,นายเจต  ทองแก้ว
2025-07-31,16:10:00,มูลฝอยทั่วไป,บ้านพักเจ้าหน้าที่ แฟลตปลางทอง,452.0,นายเจต  ทองแก้ว
2025-07-31,16:10:00,มูลฝอยทั่วไป,บ้านพักเจ้าหน้าที่ แฟลตเก่า,468.0,นายเจต  ทองแก้ว
2025-07-31,16:10:00,มูลฝอยทั่วไป,บ้านพักเจ้าหน้าที่ แฟลต 48 ยูนิต,562.0,นายเจต  ทองแก้ว
2025-07-31,16:10:00,มูลฝอยทั่วไป,บ้านพักเจ้าหน้าที่ แฟลตม่านฟ้า,305.0,นายเจต  ทองแก้ว
2025-07-31,16:10:00,มูลฝอยทั่วไป,หน่วยงานยานพาหนะ,432.0,นายเจต  ทองแก้ว
2025-07-31,16:10:00,มูลฝอยทั่วไป,จุดรับส่งพัสดุ เอกชน,641.0,นายเจต  ทองแก้ว
2025-07-31,16:10:00,มูลฝอยอินทรีย์,งานโภชนาการ,198.0,นายเจต  ทองแก้ว
2025-08-06,14:30:00,มูลฝอยอันตราย,หน่วยงานซ่อมบำรุง,28.6,นายเจต  ทองแก้ว
2025-08-06,14:30:00,มูลฝอยอันตราย,จุดพัก OPD อาคาร 3 ชั้น,48.3,นายเจต  ทองแก้ว
2025-08-13,14:30:00,มูลฝอยอันตราย,จุดพัก OPD อาคาร 3 ชั้น,72.43,นายเจต  ทองแก้ว
2025-08-13,14:30:00,มูลฝอยอันตราย,จุดพัก ATM,46.74,นายเจต  ทองแก้ว
2025-08-15,16:30:00,มูลฝอยทั่วไป,บ้านพักเจ้าหน้าที่ หน้าห้องซ่อมบำรุง,2342.0,นายเจต  ทองแก้ว
2025-08-15,16:30:00,มูลฝอยทั่วไป,จุดพัก ใต้บันได ATM,2122.0,นายเจต  ทองแก้ว
2025-08-15,16:30:00,มูลฝอยทั่วไป,บ้านพักเจ้าหน้าที่ แฟลตปลางทอง,472.0,นายเจต  ทองแก้ว
2025-08-15,16:30:00,มูลฝอยทั่วไป,บ้านพักเจ้าหน้าที่ แฟลตเก่า,463.0,นายเจต  ทองแก้ว
2025-08-15,16:30:00,มูลฝอยทั่วไป,บ้านพักเจ้าหน้าที่ แฟลต 48 ยูนิต,514.0,นายเจต  ทองแก้ว
2025-08-15,16:30:00,มูลฝอยทั่วไป,บ้านพักเจ้าหน้าที่ แฟลตม่านฟ้า,435.0,นายเจต  ทองแก้ว
2025-08-15,16:30:00,มูลฝอยทั่วไป,หน่วยงานยานพาหนะ,432.0,นายเจต  ทองแก้ว
2025-08-15,16:30:00,มูลฝอยทั่วไป,จุดรับส่งพัสดุ เอกชน,546.0,นายเจต  ทองแก้ว
2025-08-15,16:30:00,มูลฝอยอินทรีย์,งานโภชนาการ,189.0,นายเจต  ทองแก้ว
2025-08-27,14:30:00,มูลฝอยอันตราย,จุดพัก OPD อาคาร 3 ชั้น,78.42,นายเจต  ทองแก้ว
2025-08-27,14:30:00,มูลฝอยอันตราย,จุดพัก ATM,43.45,นายเจต  ทองแก้ว
2025-08-31,16:14:00,มูลฝอยทั่วไป,บ้านพักเจ้าหน้าที่ หน้าห้องซ่อมบำรุง,2405.0,นายเจต  ทองแก้ว
2025-08-31,16:14:00,มูลฝอยทั่วไป,จุดพัก ใต้บันได ATM,2130.0,นายเจต  ทองแก้ว
2025-08-31,16:14:00,มูลฝอยทั่วไป,บ้านพักเจ้าหน้าที่ แฟลตปลางทอง,443.0,นายเจต  ทองแก้ว
2025-08-31,16:14:00,มูลฝอยทั่วไป,บ้านพักเจ้าหน้าที่ แฟลตเก่า,460.0,นายเจต  ทองแก้ว
2025-08-31,16:14:00,มูลฝอยทั่วไป,บ้านพักเจ้าหน้าที่ แฟลต 48 ยูนิต,560.0,นายเจต  ทองแก้ว
2025-08-31,16:14:00,มูลฝอยทั่วไป,บ้านพักเจ้าหน้าที่ แฟลตม่านฟ้า,482.0,นายเจต  ทองแก้ว
2025-08-31,16:14:00,มูลฝอยทั่วไป,หน่วยงานยานพาหนะ,512.0,นายเจต  ทองแก้ว
2025-08-31,16:14:00,มูลฝอยทั่วไป,จุดรับส่งพัสดุ เอกชน,610.0,นายเจต  ทองแก้ว
2025-08-31,16:14:00,มูลฝอยอินทรีย์,งานโภชนาการ,201.0,นายเจต  ทองแก้ว
2025-09-10,14:30:00,มูลฝอยอันตราย,จุดพัก ATM,68.4,นายเจต  ทองแก้ว
2025-09-11,14:30:00,มูลฝอยอันตราย,หน่วยงาน OR ห้องผ่าตัด,5.3,นายเจต  ทองแก้ว
2025-09-11,14:30:00,มูลฝอยอันตราย,จุดพัก OPD อาคาร 3 ชั้น,64.8,นายเจต  ทองแก้ว
2025-09-11,14:30:00,มูลฝอยอันตราย,หน่วยงานจ่ายกลาง,2.3,นายเจต  ทองแก้ว
2025-09-15,16:03:00,มูลฝอยทั่วไป,บ้านพักเจ้าหน้าที่ หน้าห้องซ่อมบำรุง,2231.0,นายเจต  ทองแก้ว
2025-09-15,16:03:00,มูลฝอยทั่วไป,จุดพัก ใต้บันได ATM,2061.0,นายเจต  ทองแก้ว
2025-09-15,16:03:00,มูลฝอยทั่วไป,บ้านพักเจ้าหน้าที่ แฟลตปลางทอง,461.0,นายเจต  ทองแก้ว
2025-09-15,16:03:00,มูลฝอยทั่วไป,บ้านพักเจ้าหน้าที่ แฟลตเก่า,483.0,นายเจต  ทองแก้ว
2025-09-15,16:03:00,มูลฝอยทั่วไป,บ้านพักเจ้าหน้าที่ แฟลต 48 ยูนิต,520.0,นายเจต  ทองแก้ว
2025-09-15,16:03:00,มูลฝอยทั่วไป,บ้านพักเจ้าหน้าที่ แฟลตม่านฟ้า,474.0,นายเจต  ทองแก้ว
2025-09-15,16:03:00,มูลฝอยทั่วไป,หน่วยงานยานพาหนะ,432.0,นายเจต  ทองแก้ว
2025-09-15,16:03:00,มูลฝอยทั่วไป,จุดรับส่งพัสดุ เอกชน,562.0,นายเจต  ทองแก้ว
2025-09-15,16:03:00,มูลฝอยอินทรีย์,งานโภชนาการ,192.0,นายเจต  ทองแก้ว
2025-09-17,14:30:00,มูลฝอยอันตราย,หน่วยงานซ่อมบำรุง,38.6,นายเจต  ทองแก้ว
2025-09-17,14:30:00,มูลฝอยอันตราย,จุดพัก OPD อาคาร 3 ชั้น,43.15,นายเจต  ทองแก้ว
2025-09-17,14:30:00,มูลฝอยอันตราย,จุดพัก ATM,56.7,นายเจต  ทองแก้ว
2025-09-30,16:14:00,มูลฝอยทั่วไป,บ้านพักเจ้าหน้าที่ หน้าห้องซ่อมบำรุง,2316.0,นายเจต  ทองแก้ว
2025-09-30,16:14:00,มูลฝอยทั่วไป,จุดพัก ใต้บันได ATM,2131.0,นายเจต  ทองแก้ว
2025-09-30,16:14:00,มูลฝอยทั่วไป,บ้านพักเจ้าหน้าที่ แฟลตปลางทอง,453.0,นายเจต  ทองแก้ว
2025-09-30,16:14:00,มูลฝอยทั่วไป,บ้านพักเจ้าหน้าที่ แฟลตเก่า,470.0,นายเจต  ทองแก้ว
2025-09-30,16:14:00,มูลฝอยทั่วไป,บ้านพักเจ้าหน้าที่ แฟลต 48 ยูนิต,532.0,นายเจต  ทองแก้ว
2025-09-30,16:14:00,มูลฝอยทั่วไป,บ้านพักเจ้าหน้าที่ แฟลตม่านฟ้า,462.0,นายเจต  ทองแก้ว
2025-09-30,16:14:00,มูลฝอยทั่วไป,หน่วยงานยานพาหนะ,545.0,นายเจต  ทองแก้ว
2025-09-30,16:14:00,มูลฝอยทั่วไป,จุดรับส่งพัสดุ เอกชน,521.0,นายเจต  ทองแก้ว
2025-09-30,16:14:00,มูลฝอยอินทรีย์,งานโภชนาการ,192.0,นายเจต  ทองแก้ว
2025-10-01,14:30:00,มูลฝอยอันตราย,จุดพัก OPD อาคาร 3 ชั้น,78.93,นายเจต  ทองแก้ว
2025-10-01,14:30:00,มูลฝอยอันตราย,จุดพัก ATM,87.46,นายเจต  ทองแก้ว
2025-10-06,14:30:00,มูลฝอยอันตราย,จุดพัก OPD อาคาร 3 ชั้น,68.42,นายเจต  ทองแก้ว
2025-10-06,14:30:00,มูลฝอยอันตราย,จุดพัก ATM,61.74,นายเจต  ทองแก้ว
2025-10-15,16:26:00,มูลฝอยทั่วไป,บ้านพักเจ้าหน้าที่ หน้าห้องซ่อมบำรุง,2314.0,นายเจต  ทองแก้ว
2025-10-15,16:26:00,มูลฝอยทั่วไป,จุดพัก ใต้บันได ATM,2120.0,นายเจต  ทองแก้ว
2025-10-15,16:26:00,มูลฝอยทั่วไป,บ้านพักเจ้าหน้าที่ แฟลตปลางทอง,461.0,นายเจต  ทองแก้ว
2025-10-15,16:26:00,มูลฝอยทั่วไป,บ้านพักเจ้าหน้าที่ แฟลตเก่า,430.0,นายเจต  ทองแก้ว
2025-10-15,16:26:00,มูลฝอยทั่วไป,บ้านพักเจ้าหน้าที่ แฟลต 48 ยูนิต,532.0,นายเจต  ทองแก้ว
2025-10-15,16:26:00,มูลฝอยทั่วไป,บ้านพักเจ้าหน้าที่ แฟลตม่านฟ้า,461.0,นายเจต  ทองแก้ว
2025-10-15,16:26:00,มูลฝอยทั่วไป,หน่วยงานยานพาหนะ,534.0,นายเจต  ทองแก้ว
2025-10-15,16:26:00,มูลฝอยทั่วไป,จุดรับส่งพัสดุ เอกชน,632.0,นายเจต  ทองแก้ว
2025-10-15,16:26:00,มูลฝอยอินทรีย์,งานโภชนาการ,210.0,นายเจต  ทองแก้ว
2025-10-16,14:30:00,มูลฝอยอันตราย,จุดพัก OPD อาคาร 3 ชั้น,87.4,นายเจต  ทองแก้ว
2025-10-16,14:30:00,มูลฝอยอันตราย,จุดพัก ATM,92.15,นายเจต  ทองแก้ว
2025-10-28,14:30:00,มูลฝอยอันตราย,จุดพัก OPD อาคาร 3 ชั้น,46.73,นายชาตรี  สังข์สมศักดิ์
2025-10-28,14:30:00,มูลฝอยอันตราย,จุดพัก ATM,80.45,นายชาตรี  สังข์สมศักดิ์
2025-10-28,14:30:00,มูลฝอยอันตราย,หน่วยงานจ่ายกลาง,3.1,นายชาตรี  สังข์สมศักดิ์
2025-10-31,16:20:00,มูลฝอยทั่วไป,บ้านพักเจ้าหน้าที่ หน้าห้องซ่อมบำรุง,2430.0,นายเจต  ทองแก้ว
2025-10-31,16:20:00,มูลฝอยทั่วไป,จุดพัก ใต้บันได ATM,2122.0,นายเจต  ทองแก้ว
2025-10-31,16:20:00,มูลฝอยทั่วไป,บ้านพักเจ้าหน้าที่ แฟลตปลางทอง,450.0,นายเจต  ทองแก้ว
2025-10-31,16:20:00,มูลฝอยทั่วไป,บ้านพักเจ้าหน้าที่ แฟลตเก่า,471.0,นายเจต  ทองแก้ว
2025-10-31,16:20:00,มูลฝอยทั่วไป,บ้านพักเจ้าหน้าที่ แฟลต 48 ยูนิต,543.0,นายเจต  ทองแก้ว
2025-10-31,16:20:00,มูลฝอยทั่วไป,บ้านพักเจ้าหน้าที่ แฟลตม่านฟ้า,462.0,นายเจต  ทองแก้ว
2025-10-31,16:20:00,มูลฝอยทั่วไป,หน่วยงานยานพาหนะ,431.0,นายเจต  ทองแก้ว
2025-10-31,16:20:00,มูลฝอยทั่วไป,จุดรับส่งพัสดุ เอกชน,530.0,นายเจต  ทองแก้ว
2025-10-31,16:20:00,มูลฝอยอินทรีย์,งานโภชนาการ,194.0,นายเจต  ทองแก้ว
2025-11-11,14:30:00,มูลฝอยอันตราย,หน่วยงานซ่อมบำรุง,33.45,นายเจต  ทองแก้ว
2025-11-11,14:30:00,มูลฝอยอันตราย,จุดพัก OPD อาคาร 3 ชั้น,62.75,นายเจต  ทองแก้ว
2025-11-11,14:30:00,มูลฝอยอันตราย,หน่วยงานจ่ายกลาง,2.15,นายเจต  ทองแก้ว
2025-11-15,16:09:00,มูลฝอยทั่วไป,บ้านพักเจ้าหน้าที่ หน้าห้องซ่อมบำรุง,2231.0,นายเจต  ทองแก้ว
2025-11-15,16:09:00,มูลฝอยทั่วไป,จุดพัก ใต้บันได ATM,2140.0,นายเจต  ทองแก้ว
2025-11-15,16:09:00,มูลฝอยทั่วไป,บ้านพักเจ้าหน้าที่ แฟลตปลางทอง,465.0,นายเจต  ทองแก้ว
2025-11-15,16:09:00,มูลฝอยทั่วไป,บ้านพักเจ้าหน้าที่ แฟลตเก่า,461.0,นายเจต  ทองแก้ว
2025-11-15,16:09:00,มูลฝอยทั่วไป,บ้านพักเจ้าหน้าที่ แฟลต 48 ยูนิต,471.0,นายเจต  ทองแก้ว
2025-11-15,16:09:00,มูลฝอยทั่วไป,บ้านพักเจ้าหน้าที่ แฟลตม่านฟ้า,462.0,นายเจต  ทองแก้ว
2025-11-15,16:09:00,มูลฝอยทั่วไป,หน่วยงานยานพาหนะ,482.0,นายเจต  ทองแก้ว
2025-11-15,16:09:00,มูลฝอยทั่วไป,จุดรับส่งพัสดุ เอกชน,530.0,นายเจต  ทองแก้ว
2025-11-15,16:09:00,มูลฝอยอินทรีย์,งานโภชนาการ,193.0,นายเจต  ทองแก้ว
2025-11-19,14:30:00,มูลฝอยอันตราย,จุดพัก OPD อาคาร 3 ชั้น,45.0,นายเจต  ทองแก้ว
2025-11-19,14:30:00,มูลฝอยอันตราย,จุดพัก ATM,51.48,นายเจต  ทองแก้ว
2025-11-28,14:30:00,มูลฝอยอันตราย,จุดพัก OPD อาคาร 3 ชั้น,52.53,นายเจต  ทองแก้ว
2025-11-28,14:30:00,มูลฝอยอันตราย,จุดพัก ATM,46.26,นายเจต  ทองแก้ว
2025-11-30,16:21:00,มูลฝอยทั่วไป,บ้านพักเจ้าหน้าที่ หน้าห้องซ่อมบำรุง,2321.0,นายเจต  ทองแก้ว
2025-11-30,16:21:00,มูลฝอยทั่วไป,จุดพัก ใต้บันได ATM,2241.0,นายเจต  ทองแก้ว
2025-11-30,16:21:00,มูลฝอยทั่วไป,บ้านพักเจ้าหน้าที่ แฟลตปลางทอง,430.0,นายเจต  ทองแก้ว
2025-11-30,16:21:00,มูลฝอยทั่วไป,บ้านพักเจ้าหน้าที่ แฟลตเก่า,462.0,นายเจต  ทองแก้ว
2025-11-30,16:21:00,มูลฝอยทั่วไป,บ้านพักเจ้าหน้าที่ แฟลต 48 ยูนิต,543.0,นายเจต  ทองแก้ว
2025-11-30,16:21:00,มูลฝอยทั่วไป,บ้านพักเจ้าหน้าที่ แฟลตม่านฟ้า,482.0,นายเจต  ทองแก้ว
2025-11-30,16:21:00,มูลฝอยทั่วไป,หน่วยงานยานพาหนะ,512.0,นายเจต  ทองแก้ว
2025-11-30,16:21:00,มูลฝอยทั่วไป,จุดรับส่งพัสดุ เอกชน,623.0,นายเจต  ทองแก้ว
2025-11-30,16:21:00,มูลฝอยอินทรีย์,งานโภชนาการ,187.0,นายเจต  ทองแก้ว
2025-12-10,14:30:00,มูลฝอยอันตราย,จุดพัก ATM,68.23,นายเจต  ทองแก้ว
2025-12-10,16:19:00,มูลฝอยอันตราย,หน่วยงานซ่อมบำรุง,54.7,นายเจต  ทองแก้ว
2025-12-10,16:19:00,มูลฝอยอันตราย,จุดพัก OPD อาคาร 3 ชั้น,13.5,นายเจต  ทองแก้ว
2025-12-10,16:19:00,มูลฝอยอันตราย,จุดพัก ATM,35.0,นายเจต  ทองแก้ว
2025-12-15,16:15:00,มูลฝอยทั่วไป,บ้านพักเจ้าหน้าที่ หน้าห้องซ่อมบำรุง,2238.0,นายเจต  ทองแก้ว
2025-12-15,16:15:00,มูลฝอยทั่วไป,จุดพัก ใต้บันได ATM,2045.0,นายเจต  ทองแก้ว
2025-12-15,16:15:00,มูลฝอยทั่วไป,บ้านพักเจ้าหน้าที่ แฟลตปลางทอง,462.0,นายเจต  ทองแก้ว
2025-12-15,16:15:00,มูลฝอยทั่วไป,บ้านพักเจ้าหน้าที่ แฟลตเก่า,430.0,นายเจต  ทองแก้ว
2025-12-15,16:15:00,มูลฝอยทั่วไป,บ้านพักเจ้าหน้าที่ แฟลต 48 ยูนิต,522.0,นายเจต  ทองแก้ว
2025-12-15,16:15:00,มูลฝอยทั่วไป,บ้านพักเจ้าหน้าที่ แฟลตม่านฟ้า,432.0,นายเจต  ทองแก้ว
2025-12-15,16:15:00,มูลฝอยทั่วไป,หน่วยงานยานพาหนะ,460.0,นายเจต  ทองแก้ว
2025-12-15,16:15:00,มูลฝอยทั่วไป,จุดรับส่งพัสดุ เอกชน,643.0,นายเจต  ทองแก้ว
2025-12-15,16:15:00,มูลฝอยอินทรีย์,งานโภชนาการ,192.0,นายเจต  ทองแก้ว
2025-12-17,14:30:00,มูลฝอยอันตราย,จุดพัก OPD อาคาร 3 ชั้น,35.16,นายเจต  ทองแก้ว
2025-12-17,14:30:00,มูลฝอยอันตราย,จุดพัก ATM,42.1,นายเจต  ทองแก้ว
2025-12-24,14:30:00,มูลฝอยอันตราย,จุดพัก OPD อาคาร 3 ชั้น,55.65,นายเจต  ทองแก้ว
2025-12-24,14:30:00,มูลฝอยอันตราย,จุดพัก ATM,45.7,นายเจต  ทองแก้ว
2025-12-31,16:12:00,มูลฝอยทั่วไป,บ้านพักเจ้าหน้าที่ หน้าห้องซ่อมบำรุง,2430.0,นายเจต  ทองแก้ว
2025-12-31,16:12:00,มูลฝอยทั่วไป,จุดพัก ใต้บันได ATM,2133.0,นายเจต  ทองแก้ว
2025-12-31,16:12:00,มูลฝอยทั่วไป,บ้านพักเจ้าหน้าที่ แฟลตปลางทอง,460.0,นายเจต  ทองแก้ว
2025-12-31,16:12:00,มูลฝอยทั่วไป,บ้านพักเจ้าหน้าที่ แฟลตเก่า,432.0,นายเจต  ทองแก้ว
2025-12-31,16:12:00,มูลฝอยทั่วไป,บ้านพักเจ้าหน้าที่ แฟลต 48 ยูนิต,569.0,นายเจต  ทองแก้ว
2025-12-31,16:12:00,มูลฝอยทั่วไป,บ้านพักเจ้าหน้าที่ แฟลตม่านฟ้า,462.0,นายเจต  ทองแก้ว
2025-12-31,16:12:00,มูลฝอยทั่วไป,หน่วยงานยานพาหนะ,450.0,นายเจต  ทองแก้ว
2025-12-31,16:12:00,มูลฝอยทั่วไป,จุดรับส่งพัสดุ เอกชน,621.0,นายเจต  ทองแก้ว
2025-12-31,16:12:00,มูลฝอยอินทรีย์,งานโภชนาการ,184.0,นายเจต  ทองแก้ว
2026-01-01,15:00:00,มูลฝอยทั่วไป,บ้านพักเจ้าหน้าที่ หน้าห้องซ่อมบำรุง,74.02,นายเจต  ทองแก้ว
2026-01-01,15:00:00,มูลฝอยทั่วไป,จุดพัก ใต้บันได ATM,109.93,นายเจต  ทองแก้ว
2026-01-01,15:00:00,มูลฝอยทั่วไป,บ้านพักเจ้าหน้าที่ แฟลตปลางทอง,32.23,นายเจต  ทองแก้ว
2026-01-01,15:00:00,มูลฝอยทั่วไป,บ้านพักเจ้าหน้าที่ แฟลต 48 ยูนิต,32.28,นายเจต  ทองแก้ว
2026-01-01,15:00:00,มูลฝอยอินทรีย์,งานโภชนาการ,16.23,นายเจต  ทองแก้ว
2026-01-02,15:00:00,มูลฝอยทั่วไป,บ้านพักเจ้าหน้าที่ หน้าห้องซ่อมบำรุง,62.4,นายเจต  ทองแก้ว
2026-01-02,15:00:00,มูลฝอยทั่วไป,จุดพัก ใต้บันได ATM,59.04,นายเจต  ทองแก้ว
2026-01-02,15:00:00,มูลฝอยทั่วไป,บ้านพักเจ้าหน้าที่ แฟลตเก่า,34.53,นายเจต  ทองแก้ว
2026-01-02,15:00:00,มูลฝอยทั่วไป,หน่วยงานยานพาหนะ,32.78,นายเจต  ทองแก้ว
2026-01-02,15:00:00,มูลฝอยทั่วไป,จุดรับส่งพัสดุ เอกชน,42.67,นายเจต  ทองแก้ว
2026-01-02,15:00:00,มูลฝอยอินทรีย์,งานโภชนาการ,16.4,นายเจต  ทองแก้ว
2026-01-03,15:00:00,มูลฝอยทั่วไป,บ้านพักเจ้าหน้าที่ หน้าห้องซ่อมบำรุง,72.98,นายเจต  ทองแก้ว
2026-01-03,15:00:00,มูลฝอยทั่วไป,จุดพัก ใต้บันได ATM,64.42,นายเจต  ทองแก้ว
2026-01-03,15:00:00,มูลฝอยอินทรีย์,งานโภชนาการ,22.54,นายเจต  ทองแก้ว
2026-01-04,15:00:00,มูลฝอยทั่วไป,บ้านพักเจ้าหน้าที่ หน้าห้องซ่อมบำรุง,57.94,นายเจต  ทองแก้ว
2026-01-04,15:00:00,มูลฝอยทั่วไป,จุดพัก ใต้บันได ATM,69.58,นายเจต  ทองแก้ว
2026-01-04,15:00:00,มูลฝอยทั่วไป,บ้านพักเจ้าหน้าที่ แฟลต 48 ยูนิต,36.23,นายเจต  ทองแก้ว
2026-01-04,15:00:00,มูลฝอยทั่วไป,บ้านพักเจ้าหน้าที่ แฟลตม่านฟ้า,34.96,นายเจต  ทองแก้ว
2026-01-04,15:00:00,มูลฝอยทั่วไป,หน่วยงานยานพาหนะ,38.46,นายเจต  ทองแก้ว
2026-01-04,15:00:00,มูลฝอยอินทรีย์,งานโภชนาการ,18.12,นายเจต  ทองแก้ว
2026-01-05,15:00:00,มูลฝอยทั่วไป,บ้านพักเจ้าหน้าที่ หน้าห้องซ่อมบำรุง,57.44,นายเจต  ทองแก้ว
2026-01-05,15:00:00,มูลฝอยทั่วไป,จุดพัก ใต้บันได ATM,67.89,นายเจต  ทองแก้ว
2026-01-05,15:00:00,มูลฝอยทั่วไป,จุดรับส่งพัสดุ เอกชน,36.65,นายเจต  ทองแก้ว
2026-01-05,15:00:00,มูลฝอยอินทรีย์,งานโภชนาการ,14.62,นายเจต  ทองแก้ว
2026-01-06,15:00:00,มูลฝอยทั่วไป,บ้านพักเจ้าหน้าที่ หน้าห้องซ่อมบำรุง,135.98,นายเจต  ทองแก้ว
2026-01-06,15:00:00,มูลฝอยทั่วไป,จุดพัก ใต้บันได ATM,157.91,นายเจต  ทองแก้ว
2026-01-06,15:00:00,มูลฝอยทั่วไป,บ้านพักเจ้าหน้าที่ แฟลตปลางทอง,34.21,นายเจต  ทองแก้ว
2026-01-06,15:00:00,มูลฝอยทั่วไป,บ้านพักเจ้าหน้าที่ แฟลตเก่า,32.41,นายเจต  ทองแก้ว
2026-01-06,15:00:00,มูลฝอยทั่วไป,บ้านพักเจ้าหน้าที่ แฟลต 48 ยูนิต,30.23,นายเจต  ทองแก้ว
2026-01-06,15:00:00,มูลฝอยอินทรีย์,งานโภชนาการ,45.57,นายเจต  ทองแก้ว
2026-01-07,14:30:00,มูลฝอยอันตราย,หน่วยงานซ่อมบำรุง,36.35,นายเจต  ทองแก้ว
2026-01-07,14:30:00,มูลฝอยอันตราย,จุดพัก OPD อาคาร 3 ชั้น,52.2,นายเจต  ทองแก้ว
2026-01-07,14:30:00,มูลฝอยอันตราย,จุดพัก ATM,43.61,นายเจต  ทองแก้ว
2026-01-07,15:00:00,มูลฝอยทั่วไป,บ้านพักเจ้าหน้าที่ หน้าห้องซ่อมบำรุง,158.18,นายเจต  ทองแก้ว
2026-01-07,15:00:00,มูลฝอยทั่วไป,จุดพัก ใต้บันได ATM,153.97,นายเจต  ทองแก้ว
2026-01-07,15:00:00,มูลฝอยทั่วไป,บ้านพักเจ้าหน้าที่ แฟลตม่านฟ้า,33.42,นายเจต  ทองแก้ว
2026-01-07,15:00:00,มูลฝอยทั่วไป,จุดรับส่งพัสดุ เอกชน,44.52,นายเจต  ทองแก้ว
2026-01-07,15:00:00,มูลฝอยอินทรีย์,งานโภชนาการ,18.36,นายเจต  ทองแก้ว
2026-01-08,10:00:00,มูลฝอยรีไซเคิล,เศษกระดาษ จับจ๊๊ว,239.0,นางสุดาวรรณ จุลสุข
2026-01-08,10:00:00,มูลฝอยรีไซเคิล,พลาสติกรวม,91.0,นางสุดาวรรณ จุลสุข
2026-01-08,10:00:00,มูลฝอยรีไซเคิล,เหล็ก,76.0,นางสุดาวรรณ จุลสุข
2026-01-08,10:00:00,มูลฝอยรีไซเคิล,ขวดแก้ว,24.0,นางสุดาวรรณ จุลสุข
2026-01-08,15:00:00,มูลฝอยทั่วไป,บ้านพักเจ้าหน้าที่ หน้าห้องซ่อมบำรุง,149.3,นายเจต  ทองแก้ว
2026-01-08,15:00:00,มูลฝอยทั่วไป,จุดพัก ใต้บันได ATM,133.32,นายเจต  ทองแก้ว
2026-01-08,15:00:00,มูลฝอยทั่วไป,บ้านพักเจ้าหน้าที่ แฟลต 48 ยูนิต,36.43,นายเจต  ทองแก้ว
2026-01-08,15:00:00,มูลฝอยทั่วไป,บ้านพักเจ้าหน้าที่ แฟลตม่านฟ้า,36.06,นายเจต  ทองแก้ว
2026-01-08,15:00:00,มูลฝอยอินทรีย์,งานโภชนาการ,19.14,นายเจต  ทองแก้ว
2026-01-09,10:15:00,มูลฝอยรีไซเคิล,กระดาษกล่อง,87.3,นางสมหมาย  พิศวงษ์
2026-01-09,10:15:00,มูลฝอยรีไซเคิล,เศษกระดาษ จับจ๊๊ว,21.2,นางสมหมาย  พิศวงษ์
2026-01-09,11:00:00,มูลฝอยรีไซเคิล,เศษกระดาษ จับจ๊๊ว,239.0,นายเจต  ทองแก้ว
2026-01-09,11:00:00,มูลฝอยรีไซเคิล,ขวดพลาสติก,115.0,นายเจต  ทองแก้ว
2026-01-09,11:00:00,มูลฝอยรีไซเคิล,เหล็ก,76.0,นายเจต  ทองแก้ว
2026-01-09,11:00:00,มูลฝอยรีไซเคิล,ขวดแก้ว,24.0,นายเจต  ทองแก้ว
2026-01-09,15:00:00,มูลฝอยทั่วไป,บ้านพักเจ้าหน้าที่ หน้าห้องซ่อมบำรุง,158.94,นายเจต  ทองแก้ว
2026-01-09,15:00:00,มูลฝอยทั่วไป,จุดพัก ใต้บันได ATM,143.73,นายเจต  ทองแก้ว
2026-01-09,15:00:00,มูลฝอยทั่วไป,หน่วยงานยานพาหนะ,36.32,นายเจต  ทองแก้ว
2026-01-09,15:00:00,มูลฝอยทั่วไป,จุดรับส่งพัสดุ เอกชน,51.43,นายเจต  ทองแก้ว
2026-01-09,15:00:00,มูลฝอยอินทรีย์,งานโภชนาการ,21.2,นายเจต  ทองแก้ว
2026-01-10,15:00:00,มูลฝอยทั่วไป,บ้านพักเจ้าหน้าที่ หน้าห้องซ่อมบำรุง,158.33,นายเจต  ทองแก้ว
2026-01-10,15:00:00,มูลฝอยทั่วไป,จุดพัก ใต้บันได ATM,146.92,นายเจต  ทองแก้ว
2026-01-10,15:00:00,มูลฝอยทั่วไป,บ้านพักเจ้าหน้าที่ แฟลตปลางทอง,34.26,นายเจต  ทองแก้ว
2026-01-10,15:00:00,มูลฝอยทั่วไป,บ้านพักเจ้าหน้าที่ แฟลตเก่า,35.38,นายเจต  ทองแก้ว
2026-01-10,15:00:00,มูลฝอยทั่วไป,บ้านพักเจ้าหน้าที่ แฟลต 48 ยูนิต,34.82,นายเจต  ทองแก้ว
2026-01-10,15:00:00,มูลฝอยอินทรีย์,งานโภชนาการ,18.32,นายเจต  ทองแก้ว
2026-01-11,15:00:00,มูลฝอยทั่วไป,บ้านพักเจ้าหน้าที่ หน้าห้องซ่อมบำรุง,151.87,นายเจต  ทองแก้ว
2026-01-11,15:00:00,มูลฝอยทั่วไป,จุดพัก ใต้บันได ATM,116.17,นายเจต  ทองแก้ว
2026-01-11,15:00:00,มูลฝอยทั่วไป,บ้านพักเจ้าหน้าที่ แฟลตม่านฟ้า,36.09,นายเจต  ทองแก้ว
2026-01-11,15:00:00,มูลฝอยทั่วไป,หน่วยงานยานพาหนะ,38.41,นายเจต  ทองแก้ว
2026-01-11,15:00:00,มูลฝอยอินทรีย์,งานโภชนาการ,19.32,นายเจต  ทองแก้ว
2026-01-12,15:00:00,มูลฝอยทั่วไป,บ้านพักเจ้าหน้าที่ หน้าห้องซ่อมบำรุง,149.43,นายเจต  ทองแก้ว
2026-01-12,15:00:00,มูลฝอยทั่วไป,จุดพัก ใต้บันได ATM,149.88,นายเจต  ทองแก้ว
2026-01-12,15:00:00,มูลฝอยทั่วไป,บ้านพักเจ้าหน้าที่ แฟลตเก่า,36.54,นายเจต  ทองแก้ว
2026-01-12,15:00:00,มูลฝอยทั่วไป,บ้านพักเจ้าหน้าที่ แฟลต 48 ยูนิต,32.24,นายเจต  ทองแก้ว
2026-01-12,15:00:00,มูลฝอยอินทรีย์,งานโภชนาการ,20.16,นายเจต  ทองแก้ว
2026-01-12,16:05:00,มูลฝอยทั่วไป,บ้านพักเจ้าหน้าที่ หน้าห้องซ่อมบำรุง,148.67,นายเจต  ทองแก้ว
2026-01-12,16:05:00,มูลฝอยทั่วไป,จุดพัก ใต้บันได ATM,138.36,นายเจต  ทองแก้ว
2026-01-12,16:05:00,มูลฝอยทั่วไป,บ้านพักเจ้าหน้าที่ แฟลตม่านฟ้า,37.68,นายเจต  ทองแก้ว
2026-01-12,16:05:00,มูลฝอยทั่วไป,หน่วยงานยานพาหนะ,32.7,นายเจต  ทองแก้ว
2026-01-12,16:05:00,มูลฝอยอินทรีย์,งานโภชนาการ,18.46,นายเจต  ทองแก้ว
2026-01-13,10:30:00,มูลฝอยรีไซเคิล,กระดาษกล่อง,61.2,นางสมหมาย  พิศวงษ์
2026-01-13,10:30:00,มูลฝอยรีไซเคิล,เศษกระดาษ จับจ๊๊ว,35.1,นางสมหมาย  พิศวงษ์
2026-01-13,15:00:00,มูลฝอยทั่วไป,บ้านพักเจ้าหน้าที่ หน้าห้องซ่อมบำรุง,148.82,นายเจต  ทองแก้ว
2026-01-13,15:00:00,มูลฝอยทั่วไป,จุดพัก ใต้บันได ATM,145.15,นายเจต  ทองแก้ว
2026-01-13,15:00:00,มูลฝอยทั่วไป,บ้านพักเจ้าหน้าที่ แฟลตปลางทอง,36.71,นายเจต  ทองแก้ว
2026-01-13,15:00:00,มูลฝอยทั่วไป,หน่วยงานยานพาหนะ,39.46,นายเจต  ทองแก้ว
2026-01-13,15:00:00,มูลฝอยอินทรีย์,งานโภชนาการ,16.34,นายเจต  ทองแก้ว
2026-01-14,14:30:00,มูลฝอยอันตราย,จุดพัก OPD อาคาร 3 ชั้น,56.25,นายเจต  ทองแก้ว
2026-01-14,14:30:00,มูลฝอยอันตราย,จุดพัก ATM,46.36,นายเจต  ทองแก้ว
2026-01-14,15:00:00,มูลฝอยทั่วไป,บ้านพักเจ้าหน้าที่ หน้าห้องซ่อมบำรุง,151.3,นายเจต  ทองแก้ว
2026-01-14,15:00:00,มูลฝอยทั่วไป,จุดพัก ใต้บันได ATM,158.17,นายเจต  ทองแก้ว
2026-01-14,15:00:00,มูลฝอยทั่วไป,บ้านพักเจ้าหน้าที่ แฟลตปลางทอง,32.42,นายเจต  ทองแก้ว
2026-01-14,15:00:00,มูลฝอยทั่วไป,บ้านพักเจ้าหน้าที่ แฟลตม่านฟ้า,34.26,นายเจต  ทองแก้ว
2026-01-14,15:00:00,มูลฝอยทั่วไป,จุดรับส่งพัสดุ เอกชน,39.19,นายเจต  ทองแก้ว
2026-01-14,15:00:00,มูลฝอยอินทรีย์,งานโภชนาการ,18.34,นายเจต  ทองแก้ว
2026-01-15,10:15:00,มูลฝอยรีไซเคิล,กระดาษกล่อง,73.5,นางสมหมาย  พิศวงษ์
2026-01-15,10:15:00,มูลฝอยรีไซเคิล,เศษกระดาษ จับจ๊๊ว,31.2,นางสมหมาย  พิศวงษ์
2026-01-15,15:00:00,มูลฝอยทั่วไป,บ้านพักเจ้าหน้าที่ หน้าห้องซ่อมบำรุง,158.6,นายเจต  ทองแก้ว
2026-01-15,15:00:00,มูลฝอยทั่วไป,จุดพัก ใต้บันได ATM,138.41,นายเจต  ทองแก้ว
2026-01-15,15:00:00,มูลฝอยทั่วไป,บ้านพักเจ้าหน้าที่ แฟลตเก่า,36.23,นายเจต  ทองแก้ว
2026-01-15,15:00:00,มูลฝอยทั่วไป,บ้านพักเจ้าหน้าที่ แฟลตม่านฟ้า,38.41,นายเจต  ทองแก้ว
2026-01-15,15:00:00,มูลฝอยอินทรีย์,งานโภชนาการ,22.31,นายเจต  ทองแก้ว
2026-01-16,15:00:00,มูลฝอยทั่วไป,บ้านพักเจ้าหน้าที่ หน้าห้องซ่อมบำรุง,148.34,นายเจต  ทองแก้ว
2026-01-16,15:00:00,มูลฝอยทั่วไป,จุดพัก ใต้บันได ATM,142.24,นายเจต  ทองแก้ว
2026-01-16,15:00:00,มูลฝอยทั่วไป,บ้านพักเจ้าหน้าที่ แฟลต 48 ยูนิต,35.4,นายเจต  ทองแก้ว
2026-01-16,15:00:00,มูลฝอยทั่วไป,หน่วยงานยานพาหนะ,36.21,นายเจต  ทองแก้ว
2026-01-16,15:00:00,มูลฝอยอินทรีย์,งานโภชนาการ,21.34,นายเจต  ทองแก้ว
2026-01-17,11:15:00,มูลฝอยรีไซเคิล,กระดาษกล่อง,35.8,นางสมหมาย  พิศวงษ์
2026-01-17,11:15:00,มูลฝอยรีไซเคิล,เศษกระดาษ จับจ๊๊ว,31.5,นางสมหมาย  พิศวงษ์
2026-01-17,15:00:00,มูลฝอยทั่วไป,บ้านพักเจ้าหน้าที่ หน้าห้องซ่อมบำรุง,158.2,นายเจต  ทองแก้ว
2026-01-17,15:00:00,มูลฝอยทั่วไป,จุดพัก ใต้บันได ATM,143.43,นายเจต  ทองแก้ว
2026-01-17,15:00:00,มูลฝอยทั่วไป,บ้านพักเจ้าหน้าที่ แฟลตปลางทอง,36.34,นายเจต  ทองแก้ว
2026-01-17,15:00:00,มูลฝอยทั่วไป,จุดรับส่งพัสดุ เอกชน,38.34,นายเจต  ทองแก้ว
2026-01-17,15:00:00,มูลฝอยอินทรีย์,งานโภชนาการ,18.26,นายเจต  ทองแก้ว
2026-01-18,15:00:00,มูลฝอยทั่วไป,บ้านพักเจ้าหน้าที่ หน้าห้องซ่อมบำรุง,151.23,นายเจต  ทองแก้ว
2026-01-18,15:00:00,มูลฝอยทั่วไป,จุดพัก ใต้บันได ATM,148.64,นายเจต  ทองแก้ว
2026-01-18,15:00:00,มูลฝอยทั่วไป,บ้านพักเจ้าหน้าที่ แฟลตเก่า,37.42,นายเจต  ทองแก้ว
2026-01-18,15:00:00,มูลฝอยทั่วไป,บ้านพักเจ้าหน้าที่ แฟลตม่านฟ้า,35.26,นายเจต  ทองแก้ว
2026-01-18,15:00:00,มูลฝอยอินทรีย์,งานโภชนาการ,19.34,นายเจต  ทองแก้ว
2026-01-19,15:00:00,มูลฝอยทั่วไป,บ้านพักเจ้าหน้าที่ หน้าห้องซ่อมบำรุง,153.24,นายเจต  ทองแก้ว
2026-01-19,15:00:00,มูลฝอยทั่วไป,จุดพัก ใต้บันได ATM,146.49,นายเจต  ทองแก้ว
2026-01-19,15:00:00,มูลฝอยทั่วไป,บ้านพักเจ้าหน้าที่ แฟลต 48 ยูนิต,42.38,นายเจต  ทองแก้ว
2026-01-19,15:00:00,มูลฝอยทั่วไป,หน่วยงานยานพาหนะ,33.35,นายเจต  ทองแก้ว
2026-01-19,15:00:00,มูลฝอยอินทรีย์,งานโภชนาการ,18.42,นายเจต  ทองแก้ว
2026-01-20,15:00:00,มูลฝอยทั่วไป,บ้านพักเจ้าหน้าที่ หน้าห้องซ่อมบำรุง,159.05,นายเจต  ทองแก้ว
2026-01-20,15:00:00,มูลฝอยทั่วไป,จุดพัก ใต้บันได ATM,157.2,นายเจต  ทองแก้ว
2026-01-20,15:00:00,มูลฝอยทั่วไป,บ้านพักเจ้าหน้าที่ แฟลต 48 ยูนิต,29.26,นายเจต  ทองแก้ว
2026-01-20,15:00:00,มูลฝอยทั่วไป,บ้านพักเจ้าหน้าที่ แฟลตม่านฟ้า,36.25,นายเจต  ทองแก้ว
2026-01-20,15:00:00,มูลฝอยทั่วไป,จุดรับส่งพัสดุ เอกชน,38.42,นายเจต  ทองแก้ว
2026-01-20,15:00:00,มูลฝอยอินทรีย์,งานโภชนาการ,21.23,นายเจต  ทองแก้ว
2026-01-21,10:15:00,มูลฝอยรีไซเคิล,กระดาษกล่อง,56.2,นางสมหมาย  พิศวงษ์
2026-01-21,10:15:00,มูลฝอยรีไซเคิล,เศษกระดาษ จับจ๊๊ว,22.4,นางสมหมาย  พิศวงษ์
2026-01-21,15:00:00,มูลฝอยทั่วไป,บ้านพักเจ้าหน้าที่ หน้าห้องซ่อมบำรุง,147.2,นายเจต  ทองแก้ว
2026-01-21,15:00:00,มูลฝอยทั่วไป,จุดพัก ใต้บันได ATM,148.4,นายเจต  ทองแก้ว
2026-01-21,15:00:00,มูลฝอยทั่วไป,บ้านพักเจ้าหน้าที่ แฟลตเก่า,36.34,นายเจต  ทองแก้ว
2026-01-21,15:00:00,มูลฝอยทั่วไป,บ้านพักเจ้าหน้าที่ แฟลต 48 ยูนิต,38.62,นายเจต  ทองแก้ว
2026-01-21,15:00:00,มูลฝอยทั่วไป,บ้านพักเจ้าหน้าที่ แฟลตม่านฟ้า,32.64,นายเจต  ทองแก้ว
2026-01-21,15:00:00,มูลฝอยอินทรีย์,งานโภชนาการ,18.2,นายเจต  ทองแก้ว
2026-01-22,10:20:00,มูลฝอยรีไซเคิล,กระดาษกล่อง,22.4,นางสมหมาย  พิศวงษ์
2026-01-22,10:20:00,มูลฝอยรีไซเคิล,เศษกระดาษ จับจ๊๊ว,10.2,นางสมหมาย  พิศวงษ์
2026-01-22,15:00:00,มูลฝอยทั่วไป,บ้านพักเจ้าหน้าที่ หน้าห้องซ่อมบำรุง,145.0,นายเจต  ทองแก้ว
2026-01-22,15:00:00,มูลฝอยทั่วไป,จุดพัก ใต้บันได ATM,152.52,นายเจต  ทองแก้ว
2026-01-22,15:00:00,มูลฝอยทั่วไป,บ้านพักเจ้าหน้าที่ แฟลตปลางทอง,31.24,นายเจต  ทองแก้ว
2026-01-22,15:00:00,มูลฝอยทั่วไป,หน่วยงานยานพาหนะ,36.43,นายเจต  ทองแก้ว
2026-01-22,15:00:00,มูลฝอยอินทรีย์,งานโภชนาการ,18.9,นายเจต  ทองแก้ว
2026-01-23,15:00:00,มูลฝอยทั่วไป,บ้านพักเจ้าหน้าที่ หน้าห้องซ่อมบำรุง,179.83,นายเจต  ทองแก้ว
2026-01-23,15:00:00,มูลฝอยทั่วไป,จุดพัก ใต้บันได ATM,156.21,นายเจต  ทองแก้ว
2026-01-23,15:00:00,มูลฝอยทั่วไป,บ้านพักเจ้าหน้าที่ แฟลต 48 ยูนิต,36.32,นายเจต  ทองแก้ว
2026-01-23,15:00:00,มูลฝอยทั่วไป,จุดรับส่งพัสดุ เอกชน,41.31,นายเจต  ทองแก้ว
2026-01-23,15:00:00,มูลฝอยอินทรีย์,งานโภชนาการ,17.67,นายเจต  ทองแก้ว
2026-01-24,15:00:00,มูลฝอยทั่วไป,บ้านพักเจ้าหน้าที่ หน้าห้องซ่อมบำรุง,154.6,นายเจต  ทองแก้ว
2026-01-24,15:00:00,มูลฝอยทั่วไป,จุดพัก ใต้บันได ATM,153.8,นายเจต  ทองแก้ว
2026-01-24,15:00:00,มูลฝอยทั่วไป,บ้านพักเจ้าหน้าที่ แฟลตปลางทอง,34.44,นายเจต  ทองแก้ว
2026-01-24,15:00:00,มูลฝอยทั่วไป,บ้านพักเจ้าหน้าที่ แฟลตเก่า,36.5,นายเจต  ทองแก้ว
2026-01-24,15:00:00,มูลฝอยทั่วไป,หน่วยงานยานพาหนะ,35.34,นายเจต  ทองแก้ว
2026-01-24,15:00:00,มูลฝอยอินทรีย์,งานโภชนาการ,20.2,นายเจต  ทองแก้ว
2026-01-25,15:00:00,มูลฝอยทั่วไป,บ้านพักเจ้าหน้าที่ หน้าห้องซ่อมบำรุง,164.7,นายเจต  ทองแก้ว
2026-01-25,15:00:00,มูลฝอยทั่วไป,จุดพัก ใต้บันได ATM,157.81,นายเจต  ทองแก้ว
2026-01-25,15:00:00,มูลฝอยทั่วไป,บ้านพักเจ้าหน้าที่ แฟลต 48 ยูนิต,34.62,นายเจต  ทองแก้ว
2026-01-25,15:00:00,มูลฝอยทั่วไป,บ้านพักเจ้าหน้าที่ แฟลตม่านฟ้า,37.6,นายเจต  ทองแก้ว
2026-01-25,15:00:00,มูลฝอยอินทรีย์,งานโภชนาการ,19.24,นายเจต  ทองแก้ว
2026-01-26,15:00:00,มูลฝอยทั่วไป,บ้านพักเจ้าหน้าที่ หน้าห้องซ่อมบำรุง,154.97,นายเจต  ทองแก้ว
2026-01-26,15:00:00,มูลฝอยทั่วไป,จุดพัก ใต้บันได ATM,148.32,นายเจต  ทองแก้ว
2026-01-26,15:00:00,มูลฝอยทั่วไป,บ้านพักเจ้าหน้าที่ แฟลตปลางทอง,35.82,นายเจต  ทองแก้ว
2026-01-26,15:00:00,มูลฝอยทั่วไป,หน่วยงานยานพาหนะ,37.34,นายเจต  ทองแก้ว
2026-01-26,15:00:00,มูลฝอยทั่วไป,จุดรับส่งพัสดุ เอกชน,38.8,นายเจต  ทองแก้ว
2026-01-26,15:00:00,มูลฝอยอินทรีย์,งานโภชนาการ,21.3,นายเจต  ทองแก้ว
2026-01-27,16:08:00,มูลฝอยทั่วไป,บ้านพักเจ้าหน้าที่ หน้าห้องซ่อมบำรุง,148.71,นายเจต  ทองแก้ว
2026-01-27,16:08:00,มูลฝอยทั่วไป,จุดพัก ใต้บันได ATM,131.85,นายเจต  ทองแก้ว
2026-01-27,16:08:00,มูลฝอยทั่วไป,บ้านพักเจ้าหน้าที่ แฟลตปลางทอง,37.35,นายเจต  ทองแก้ว
2026-01-27,16:08:00,มูลฝอยทั่วไป,จุดรับส่งพัสดุ เอกชน,40.1,นายเจต  ทองแก้ว
2026-01-27,16:08:00,มูลฝอยอินทรีย์,งานโภชนาการ,22.6,นายเจต  ทองแก้ว
2026-01-28,11:30:00,มูลฝอยรีไซเคิล,กระดาษกล่อง,28.2,นางสมหมาย  พิศวงษ์
2026-01-28,11:30:00,มูลฝอยรีไซเคิล,เศษกระดาษ จับจ๊๊ว,13.4,นางสมหมาย  พิศวงษ์
2026-01-28,14:30:00,มูลฝอยอันตราย,จุดพัก OPD อาคาร 3 ชั้น,54.76,นายเจต  ทองแก้ว
2026-01-28,14:30:00,มูลฝอยอันตราย,จุดพัก ATM,57.4,นายเจต  ทองแก้ว
2026-01-28,15:10:00,มูลฝอยอันตราย,หน่วยงานซ่อมบำรุง,0.6,นายเจต  ทองแก้ว
2026-01-28,15:10:00,มูลฝอยอันตราย,จุดพัก OPD อาคาร 3 ชั้น,46.5,นายเจต  ทองแก้ว
2026-01-28,15:10:00,มูลฝอยอันตราย,จุดพัก ATM,46.32,นายเจต  ทองแก้ว
2026-01-28,16:00:00,มูลฝอยทั่วไป,บ้านพักเจ้าหน้าที่ หน้าห้องซ่อมบำรุง,89.55,นายเจต  ทองแก้ว
2026-01-28,16:00:00,มูลฝอยทั่วไป,จุดพัก ใต้บันได ATM,86.32,นายเจต  ทองแก้ว
2026-01-28,16:00:00,มูลฝอยทั่วไป,บ้านพักเจ้าหน้าที่ แฟลตม่านฟ้า,31.22,นายเจต  ทองแก้ว
2026-01-28,16:00:00,มูลฝอยทั่วไป,หน่วยงานยานพาหนะ,36.25,นายเจต  ทองแก้ว
2026-01-28,16:00:00,มูลฝอยอินทรีย์,งานโภชนาการ,18.3,นายเจต  ทองแก้ว
2026-01-29,11:08:00,มูลฝอยรีไซเคิล,กระดาษกล่อง,710.0,นายเจต  ทองแก้ว
2026-01-29,11:08:00,มูลฝอยรีไซเคิล,เศษกระดาษ จับจ๊๊ว,210.0,นายเจต  ทองแก้ว
2026-01-29,11:08:00,มูลฝอยรีไซเคิล,ขวดพลาสติก,72.0,นายเจต  ทองแก้ว
2026-01-29,11:08:00,มูลฝอยรีไซเคิล,เหล็ก,93.0,นายเจต  ทองแก้ว
2026-01-29,11:08:00,มูลฝอยรีไซเคิล,สแตนเลส,18.0,นายเจต  ทองแก้ว
2026-01-29,15:00:00,มูลฝอยทั่วไป,บ้านพักเจ้าหน้าที่ หน้าห้องซ่อมบำรุง,230.6,นายเจต  ทองแก้ว
2026-01-29,15:00:00,มูลฝอยทั่วไป,จุดพัก ใต้บันได ATM,137.48,นายเจต  ทองแก้ว
2026-01-29,15:00:00,มูลฝอยทั่วไป,บ้านพักเจ้าหน้าที่ แฟลต 48 ยูนิต,34.15,นายเจต  ทองแก้ว
2026-01-29,15:00:00,มูลฝอยทั่วไป,จุดรับส่งพัสดุ เอกชน,53.45,นายเจต  ทองแก้ว
2026-01-29,15:00:00,มูลฝอยอินทรีย์,งานโภชนาการ,18.7,นายเจต  ทองแก้ว
2026-01-29,9:40:00,มูลฝอยรีไซเคิล,กระดาษกล่อง,10.0,นางสมหมาย  พิศวงษ์
2026-01-29,9:40:00,มูลฝอยรีไซเคิล,เศษกระดาษ จับจ๊๊ว,6.0,นางสมหมาย  พิศวงษ์
2026-01-30,15:00:00,มูลฝอยทั่วไป,บ้านพักเจ้าหน้าที่ หน้าห้องซ่อมบำรุง,142.26,นายเจต  ทองแก้ว
2026-01-30,15:00:00,มูลฝอยทั่วไป,จุดพัก ใต้บันได ATM,144.76,นายเจต  ทองแก้ว
2026-01-30,15:00:00,มูลฝอยทั่วไป,บ้านพักเจ้าหน้าที่ แฟลตปลางทอง,48.43,นายเจต  ทองแก้ว
2026-01-30,15:00:00,มูลฝอยทั่วไป,บ้านพักเจ้าหน้าที่ แฟลตเก่า,41.16,นายเจต  ทองแก้ว
2026-01-30,15:00:00,มูลฝอยอินทรีย์,งานโภชนาการ,20.64,นายเจต  ทองแก้ว
2026-01-31,15:00:00,มูลฝอยทั่วไป,บ้านพักเจ้าหน้าที่ หน้าห้องซ่อมบำรุง,145.6,นายเจต  ทองแก้ว
2026-01-31,15:00:00,มูลฝอยทั่วไป,จุดพัก ใต้บันได ATM,134.84,นายเจต  ทองแก้ว
2026-01-31,15:00:00,มูลฝอยทั่วไป,บ้านพักเจ้าหน้าที่ แฟลตเก่า,39.8,นายเจต  ทองแก้ว
2026-01-31,15:00:00,มูลฝอยทั่วไป,บ้านพักเจ้าหน้าที่ แฟลต 48 ยูนิต,37.0,นายเจต  ทองแก้ว
2026-01-31,15:00:00,มูลฝอยทั่วไป,บ้านพักเจ้าหน้าที่ แฟลตม่านฟ้า,38.3,นายเจต  ทองแก้ว
2026-01-31,15:00:00,มูลฝอยทั่วไป,หน่วยงานยานพาหนะ,33.46,นายเจต  ทองแก้ว
2026-01-31,15:00:00,มูลฝอยทั่วไป,จุดรับส่งพัสดุ เอกชน,41.5,นายเจต  ทองแก้ว
2026-01-31,15:00:00,มูลฝอยอินทรีย์,งานโภชนาการ,51.38,นายเจต  ทองแก้ว
2026-02-01,16:06:00,มูลฝอยทั่วไป,บ้านพักเจ้าหน้าที่ หน้าห้องซ่อมบำรุง,157.8,นายเจต  ทองแก้ว
2026-02-01,16:06:00,มูลฝอยทั่วไป,จุดพัก ใต้บันได ATM,159.68,นายเจต  ทองแก้ว
2026-02-01,16:06:00,มูลฝอยทั่วไป,บ้านพักเจ้าหน้าที่ แฟลตเก่า,33.24,นายเจต  ทองแก้ว
2026-02-01,16:06:00,มูลฝอยทั่วไป,บ้านพักเจ้าหน้าที่ แฟลต 48 ยูนิต,29.13,นายเจต  ทองแก้ว
2026-02-01,16:06:00,มูลฝอยอินทรีย์,งานโภชนาการ,19.55,นายเจต  ทองแก้ว
2026-02-02,11:35:00,มูลฝอยรีไซเคิล,กระดาษกล่อง,42.8,นางสมหมาย  พิศวงษ์
2026-02-02,11:35:00,มูลฝอยรีไซเคิล,เศษกระดาษ จับจ๊๊ว,23.4,นางสมหมาย  พิศวงษ์
2026-02-02,16:06:00,มูลฝอยทั่วไป,บ้านพักเจ้าหน้าที่ หน้าห้องซ่อมบำรุง,135.15,นายเจต  ทองแก้ว
2026-02-02,16:06:00,มูลฝอยทั่วไป,จุดพัก ใต้บันได ATM,134.05,นายเจต  ทองแก้ว
2026-02-02,16:06:00,มูลฝอยทั่วไป,บ้านพักเจ้าหน้าที่ แฟลตปลางทอง,36.25,นายเจต  ทองแก้ว
2026-02-02,16:06:00,มูลฝอยทั่วไป,บ้านพักเจ้าหน้าที่ แฟลตม่านฟ้า,32.35,นายเจต  ทองแก้ว
2026-02-02,16:06:00,มูลฝอยอินทรีย์,งานโภชนาการ,23.35,นายเจต  ทองแก้ว
2026-02-03,16:12:00,มูลฝอยทั่วไป,บ้านพักเจ้าหน้าที่ หน้าห้องซ่อมบำรุง,158.9,นายเจต  ทองแก้ว
2026-02-03,16:12:00,มูลฝอยทั่วไป,จุดพัก ใต้บันได ATM,143.45,นายเจต  ทองแก้ว
2026-02-03,16:12:00,มูลฝอยทั่วไป,บ้านพักเจ้าหน้าที่ แฟลตเก่า,34.3,นายเจต  ทองแก้ว
2026-02-03,16:12:00,มูลฝอยทั่วไป,หน่วยงานยานพาหนะ,38.45,นายเจต  ทองแก้ว
2026-02-03,16:12:00,มูลฝอยทั่วไป,จุดรับส่งพัสดุ เอกชน,42.35,นายเจต  ทองแก้ว
2026-02-03,16:12:00,มูลฝอยอินทรีย์,งานโภชนาการ,15.4,นายเจต  ทองแก้ว
2026-02-03,9:45:00,มูลฝอยรีไซเคิล,กระดาษกล่อง,28.3,นางสมหมาย  พิศวงษ์
2026-02-03,9:45:00,มูลฝอยรีไซเคิล,เศษกระดาษ จับจ๊๊ว,4.0,นางสมหมาย  พิศวงษ์
2026-02-04,11:40:00,มูลฝอยรีไซเคิล,กระดาษกล่อง,15.0,นางวรีย์ คำผง
2026-02-04,16:00:00,มูลฝอยทั่วไป,บ้านพักเจ้าหน้าที่ หน้าห้องซ่อมบำรุง,25.0,นายชาตรี  สังข์สมศักดิ์
2026-02-04,16:00:00,มูลฝอยทั่วไป,จุดพัก ใต้บันได ATM,123.0,นายชาตรี  สังข์สมศักดิ์
2026-02-04,16:00:00,มูลฝอยทั่วไป,บ้านพักเจ้าหน้าที่ แฟลตปลางทอง,30.0,นายชาตรี  สังข์สมศักดิ์
2026-02-04,16:00:00,มูลฝอยทั่วไป,บ้านพักเจ้าหน้าที่ แฟลต 48 ยูนิต,22.0,นายชาตรี  สังข์สมศักดิ์
2026-02-04,16:00:00,มูลฝอยทั่วไป,บ้านพักเจ้าหน้าที่ แฟลตม่านฟ้า,25.0,นายชาตรี  สังข์สมศักดิ์
2026-02-04,16:00:00,มูลฝอยทั่วไป,หน่วยงานยานพาหนะ,20.0,นายชาตรี  สังข์สมศักดิ์
2026-02-04,16:00:00,มูลฝอยทั่วไป,จุดรับส่งพัสดุ เอกชน,29.0,นายชาตรี  สังข์สมศักดิ์
2026-02-04,16:00:00,มูลฝอยอินทรีย์,งานโภชนาการ,21.0,นายชาตรี  สังข์สมศักดิ์
2026-02-05,16:30:00,มูลฝอยทั่วไป,บ้านพักเจ้าหน้าที่ หน้าห้องซ่อมบำรุง,130.45,นายเจต  ทองแก้ว
2026-02-05,16:30:00,มูลฝอยทั่วไป,จุดพัก ใต้บันได ATM,145.7,นายเจต  ทองแก้ว
2026-02-05,16:30:00,มูลฝอยทั่วไป,บ้านพักเจ้าหน้าที่ แฟลตม่านฟ้า,48.6,นายเจต  ทองแก้ว
2026-02-05,16:30:00,มูลฝอยทั่วไป,หน่วยงานยานพาหนะ,42.3,นายเจต  ทองแก้ว
2026-02-05,16:30:00,มูลฝอยทั่วไป,จุดรับส่งพัสดุ เอกชน,52.65,นายเจต  ทองแก้ว
2026-02-05,16:30:00,มูลฝอยอินทรีย์,งานโภชนาการ,21.0,นายเจต  ทองแก้ว
2026-02-05,9:55:00,มูลฝอยรีไซเคิล,กระดาษกล่อง,16.2,นางสมหมาย  พิศวงษ์
2026-02-05,9:55:00,มูลฝอยรีไซเคิล,เศษกระดาษ จับจ๊๊ว,7.3,นางสมหมาย  พิศวงษ์
2026-02-06,10:00:00,มูลฝอยรีไซเคิล,กระดาษกล่อง,13.4,นางสมหมาย  พิศวงษ์
2026-02-06,10:00:00,มูลฝอยรีไซเคิล,เศษกระดาษ จับจ๊๊ว,5.2,นางสมหมาย  พิศวงษ์
2026-02-06,16:03:00,มูลฝอยทั่วไป,บ้านพักเจ้าหน้าที่ หน้าห้องซ่อมบำรุง,140.5,นายเจต  ทองแก้ว
2026-02-06,16:03:00,มูลฝอยทั่วไป,จุดพัก ใต้บันได ATM,138.25,นายเจต  ทองแก้ว
2026-02-06,16:03:00,มูลฝอยทั่วไป,บ้านพักเจ้าหน้าที่ แฟลตปลางทอง,42.65,นายเจต  ทองแก้ว
2026-02-06,16:03:00,มูลฝอยอินทรีย์,งานโภชนาการ,18.3,นายเจต  ทองแก้ว
2026-02-07,16:30:00,มูลฝอยทั่วไป,บ้านพักเจ้าหน้าที่ หน้าห้องซ่อมบำรุง,138.9,นายเจต  ทองแก้ว
2026-02-07,16:30:00,มูลฝอยทั่วไป,จุดพัก ใต้บันได ATM,137.65,นายเจต  ทองแก้ว
2026-02-07,16:30:00,มูลฝอยทั่วไป,บ้านพักเจ้าหน้าที่ แฟลตเก่า,30.25,นายเจต  ทองแก้ว
2026-02-07,16:30:00,มูลฝอยทั่วไป,บ้านพักเจ้าหน้าที่ แฟลต 48 ยูนิต,32.43,นายเจต  ทองแก้ว
2026-02-07,16:30:00,มูลฝอยอินทรีย์,งานโภชนาการ,20.15,นายเจต  ทองแก้ว
2026-02-09,16:05:00,มูลฝอยทั่วไป,บ้านพักเจ้าหน้าที่ หน้าห้องซ่อมบำรุง,153.56,นายเจต  ทองแก้ว
2026-02-09,16:05:00,มูลฝอยทั่วไป,จุดพัก ใต้บันได ATM,143.74,นายเจต  ทองแก้ว
2026-02-09,16:05:00,มูลฝอยทั่วไป,บ้านพักเจ้าหน้าที่ แฟลตปลางทอง,38.54,นายเจต  ทองแก้ว
2026-02-09,16:05:00,มูลฝอยทั่วไป,หน่วยงานยานพาหนะ,36.57,นายเจต  ทองแก้ว
2026-02-09,16:05:00,มูลฝอยอินทรีย์,งานโภชนาการ,19.53,นายเจต  ทองแก้ว
2026-02-09,16:30:00,มูลฝอยทั่วไป,บ้านพักเจ้าหน้าที่ หน้าห้องซ่อมบำรุง,164.45,นายเจต  ทองแก้ว
2026-02-09,16:30:00,มูลฝอยทั่วไป,จุดพัก ใต้บันได ATM,145.3,นายเจต  ทองแก้ว
2026-02-09,16:30:00,มูลฝอยทั่วไป,บ้านพักเจ้าหน้าที่ แฟลตปลางทอง,35.6,นายเจต  ทองแก้ว
2026-02-09,16:30:00,มูลฝอยทั่วไป,บ้านพักเจ้าหน้าที่ แฟลตม่านฟ้า,32.16,นายเจต  ทองแก้ว
2026-02-09,16:30:00,มูลฝอยทั่วไป,หน่วยงานยานพาหนะ,36.24,นายเจต  ทองแก้ว
2026-02-09,16:30:00,มูลฝอยอินทรีย์,งานโภชนาการ,18.21,นายเจต  ทองแก้ว
2026-02-10,14:10:00,มูลฝอยรีไซเคิล,กระดาษกล่อง,21.8,นางสมหมาย  พิศวงษ์
2026-02-10,14:10:00,มูลฝอยรีไซเคิล,เศษกระดาษ จับจ๊๊ว,7.0,นางสมหมาย  พิศวงษ์
2026-02-10,16:05:00,มูลฝอยทั่วไป,บ้านพักเจ้าหน้าที่ หน้าห้องซ่อมบำรุง,154.53,นายเจต  ทองแก้ว
2026-02-10,16:05:00,มูลฝอยทั่วไป,จุดพัก ใต้บันได ATM,147.45,นายเจต  ทองแก้ว
2026-02-10,16:05:00,มูลฝอยทั่วไป,บ้านพักเจ้าหน้าที่ แฟลตปลางทอง,35.64,นายเจต  ทองแก้ว
2026-02-10,16:05:00,มูลฝอยทั่วไป,บ้านพักเจ้าหน้าที่ แฟลต 48 ยูนิต,32.15,นายเจต  ทองแก้ว
2026-02-10,16:05:00,มูลฝอยอินทรีย์,งานโภชนาการ,20.35,นายเจต  ทองแก้ว
2026-02-10,16:16:00,มูลฝอยทั่วไป,บ้านพักเจ้าหน้าที่ หน้าห้องซ่อมบำรุง,167.0,นายเจต  ทองแก้ว
2026-02-10,16:16:00,มูลฝอยทั่วไป,จุดพัก ใต้บันได ATM,142.0,นายเจต  ทองแก้ว
2026-02-10,16:16:00,มูลฝอยทั่วไป,บ้านพักเจ้าหน้าที่ แฟลต 48 ยูนิต,36.0,นายเจต  ทองแก้ว
2026-02-10,16:16:00,มูลฝอยทั่วไป,จุดรับส่งพัสดุ เอกชน,38.0,นายเจต  ทองแก้ว
2026-02-10,16:16:00,มูลฝอยอินทรีย์,งานโภชนาการ,19.0,นายเจต  ทองแก้ว
2026-02-11,16:08:00,มูลฝอยทั่วไป,บ้านพักเจ้าหน้าที่ หน้าห้องซ่อมบำรุง,153.67,นายเจต  ทองแก้ว
2026-02-11,16:08:00,มูลฝอยทั่วไป,จุดพัก ใต้บันได ATM,143.47,นายเจต  ทองแก้ว
2026-02-11,16:08:00,มูลฝอยทั่วไป,บ้านพักเจ้าหน้าที่ แฟลตเก่า,36.46,นายเจต  ทองแก้ว
2026-02-11,16:08:00,มูลฝอยทั่วไป,จุดรับส่งพัสดุ เอกชน,36.46,นายเจต  ทองแก้ว
2026-02-11,16:08:00,มูลฝอยอินทรีย์,งานโภชนาการ,19.35,นายเจต  ทองแก้ว
2026-02-11,16:30:00,มูลฝอยทั่วไป,บ้านพักเจ้าหน้าที่ หน้าห้องซ่อมบำรุง,140.0,นายเจต  ทองแก้ว
2026-02-11,16:30:00,มูลฝอยทั่วไป,จุดพัก ใต้บันได ATM,135.0,นายเจต  ทองแก้ว
2026-02-11,16:30:00,มูลฝอยทั่วไป,บ้านพักเจ้าหน้าที่ แฟลตเก่า,34.0,นายเจต  ทองแก้ว
2026-02-11,16:30:00,มูลฝอยอินทรีย์,งานโภชนาการ,18.0,นายเจต  ทองแก้ว
2026-02-12,16:30:00,มูลฝอยทั่วไป,บ้านพักเจ้าหน้าที่ หน้าห้องซ่อมบำรุง,172.0,นายเจต  ทองแก้ว
2026-02-12,16:30:00,มูลฝอยทั่วไป,จุดพัก ใต้บันได ATM,142.0,นายเจต  ทองแก้ว
2026-02-12,16:30:00,มูลฝอยทั่วไป,บ้านพักเจ้าหน้าที่ แฟลตปลางทอง,43.0,นายเจต  ทองแก้ว
2026-02-12,16:30:00,มูลฝอยอินทรีย์,งานโภชนาการ,19.0,นายเจต  ทองแก้ว
2026-02-12,9:20:00,มูลฝอยรีไซเคิล,กระดาษกล่อง,15.0,นางสมหมาย  พิศวงษ์
2026-02-12,9:20:00,มูลฝอยรีไซเคิล,เศษกระดาษ จับจ๊๊ว,3.5,นางสมหมาย  พิศวงษ์
2026-02-13,16:30:00,มูลฝอยทั่วไป,บ้านพักเจ้าหน้าที่ หน้าห้องซ่อมบำรุง,210.0,นายเจต  ทองแก้ว
2026-02-13,16:30:00,มูลฝอยทั่วไป,จุดพัก ใต้บันได ATM,182.0,นายเจต  ทองแก้ว
2026-02-13,16:30:00,มูลฝอยทั่วไป,บ้านพักเจ้าหน้าที่ แฟลตปลางทอง,42.0,นายเจต  ทองแก้ว
2026-02-13,16:30:00,มูลฝอยทั่วไป,บ้านพักเจ้าหน้าที่ แฟลตม่านฟ้า,37.0,นายเจต  ทองแก้ว
2026-02-13,16:30:00,มูลฝอยทั่วไป,หน่วยงานยานพาหนะ,32.0,นายเจต  ทองแก้ว
2026-02-13,16:30:00,มูลฝอยทั่วไป,จุดรับส่งพัสดุ เอกชน,47.0,นายเจต  ทองแก้ว
2026-02-13,16:30:00,มูลฝอยอินทรีย์,งานโภชนาการ,19.0,นายเจต  ทองแก้ว
2026-02-14,16:00:00,มูลฝอยทั่วไป,บ้านพักเจ้าหน้าที่ หน้าห้องซ่อมบำรุง,153.0,นายเจต  ทองแก้ว
2026-02-14,16:00:00,มูลฝอยทั่วไป,จุดพัก ใต้บันได ATM,122.0,นายเจต  ทองแก้ว
2026-02-14,16:00:00,มูลฝอยทั่วไป,บ้านพักเจ้าหน้าที่ แฟลตเก่า,38.0,นายเจต  ทองแก้ว
2026-02-14,16:00:00,มูลฝอยทั่วไป,บ้านพักเจ้าหน้าที่ แฟลต 48 ยูนิต,37.0,นายเจต  ทองแก้ว
2026-02-14,16:00:00,มูลฝอยทั่วไป,หน่วยงานยานพาหนะ,32.0,นายเจต  ทองแก้ว
2026-02-14,16:00:00,มูลฝอยอินทรีย์,งานโภชนาการ,18.0,นายเจต  ทองแก้ว
2026-02-17,9:15:00,มูลฝอยรีไซเคิล,กระดาษกล่อง,14.2,นางสมหมาย  พิศวงษ์
2026-02-17,9:15:00,มูลฝอยรีไซเคิล,เศษกระดาษ จับจ๊๊ว,7.6,นางสมหมาย  พิศวงษ์
2026-02-18,11:30:00,มูลฝอยรีไซเคิล,กระดาษกล่อง,8.2,นางสมหมาย  พิศวงษ์
2026-02-18,11:30:00,มูลฝอยรีไซเคิล,เศษกระดาษ จับจ๊๊ว,4.0,นางสมหมาย  พิศวงษ์
2026-02-18,14:50:00,มูลฝอยอันตราย,จุดพัก OPD อาคาร 3 ชั้น,72.0,นายเจต  ทองแก้ว
2026-02-18,16:30:00,มูลฝอยทั่วไป,บ้านพักเจ้าหน้าที่ หน้าห้องซ่อมบำรุง,173.0,นายเจต  ทองแก้ว
2026-02-18,16:30:00,มูลฝอยทั่วไป,จุดพัก ใต้บันได ATM,154.0,นายเจต  ทองแก้ว
2026-02-18,16:30:00,มูลฝอยทั่วไป,บ้านพักเจ้าหน้าที่ แฟลต 48 ยูนิต,34.0,นายเจต  ทองแก้ว
2026-02-18,16:30:00,มูลฝอยทั่วไป,หน่วยงานยานพาหนะ,34.0,นายเจต  ทองแก้ว
2026-02-18,16:30:00,มูลฝอยอินทรีย์,งานโภชนาการ,19.0,นายเจต  ทองแก้ว
2026-02-20,16:05:00,มูลฝอยทั่วไป,บ้านพักเจ้าหน้าที่ หน้าห้องซ่อมบำรุง,154.0,นายเจต  ทองแก้ว
2026-02-20,16:05:00,มูลฝอยทั่วไป,จุดพัก ใต้บันได ATM,150.0,นายเจต  ทองแก้ว
2026-02-20,16:05:00,มูลฝอยทั่วไป,บ้านพักเจ้าหน้าที่ แฟลตปลางทอง,42.0,นายเจต  ทองแก้ว
2026-02-20,16:05:00,มูลฝอยทั่วไป,บ้านพักเจ้าหน้าที่ แฟลตเก่า,48.0,นายเจต  ทองแก้ว
2026-02-20,16:05:00,มูลฝอยอินทรีย์,งานโภชนาการ,19.0,นายเจต  ทองแก้ว
2026-02-22,16:20:00,มูลฝอยทั่วไป,บ้านพักเจ้าหน้าที่ หน้าห้องซ่อมบำรุง,143.0,นายเจต  ทองแก้ว
2026-02-22,16:20:00,มูลฝอยทั่วไป,จุดพัก ใต้บันได ATM,126.0,นายเจต  ทองแก้ว
2026-02-22,16:20:00,มูลฝอยทั่วไป,บ้านพักเจ้าหน้าที่ แฟลตเก่า,38.0,นายเจต  ทองแก้ว
2026-02-22,16:20:00,มูลฝอยอินทรีย์,งานโภชนาการ,22.0,นายเจต  ทองแก้ว
2026-02-25,15:45:00,มูลฝอยอันตราย,หน่วยงานซ่อมบำรุง,29.0,นายเจต  ทองแก้ว
2026-02-25,15:50:00,มูลฝอยทั่วไป,บ้านพักเจ้าหน้าที่ หน้าห้องซ่อมบำรุง,153.0,นายเจต  ทองแก้ว
2026-02-25,15:50:00,มูลฝอยทั่วไป,จุดพัก ใต้บันได ATM,131.0,นายเจต  ทองแก้ว
2026-02-25,15:50:00,มูลฝอยทั่วไป,บ้านพักเจ้าหน้าที่ แฟลตปลางทอง,34.0,นายเจต  ทองแก้ว
2026-02-25,15:50:00,มูลฝอยทั่วไป,หน่วยงานยานพาหนะ,38.0,นายเจต  ทองแก้ว
2026-02-25,15:50:00,มูลฝอยอินทรีย์,งานโภชนาการ,21.0,นายเจต  ทองแก้ว
2026-02-26,10:30:00,มูลฝอยรีไซเคิล,กระดาษกล่อง,21.0,นางวรีย์ คำผง
2026-02-26,10:30:00,มูลฝอยรีไซเคิล,เศษกระดาษ จับจ๊๊ว,15.0,นางวรีย์ คำผง
2026-02-26,16:02:00,มูลฝอยทั่วไป,บ้านพักเจ้าหน้าที่ หน้าห้องซ่อมบำรุง,167.0,นายเจต  ทองแก้ว
2026-02-26,16:02:00,มูลฝอยทั่วไป,จุดพัก ใต้บันได ATM,162.0,นายเจต  ทองแก้ว
2026-02-26,16:02:00,มูลฝอยทั่วไป,บ้านพักเจ้าหน้าที่ แฟลต 48 ยูนิต,30.0,นายเจต  ทองแก้ว
2026-02-26,16:02:00,มูลฝอยทั่วไป,จุดรับส่งพัสดุ เอกชน,42.0,นายเจต  ทองแก้ว
2026-02-26,16:02:00,มูลฝอยอินทรีย์,งานโภชนาการ,19.0,นายเจต  ทองแก้ว
2026-02-27,15:48:00,มูลฝอยทั่วไป,บ้านพักเจ้าหน้าที่ หน้าห้องซ่อมบำรุง,126.0,นายเจต  ทองแก้ว
2026-02-27,15:48:00,มูลฝอยทั่วไป,จุดพัก ใต้บันได ATM,143.0,นายเจต  ทองแก้ว
2026-02-27,15:48:00,มูลฝอยทั่วไป,บ้านพักเจ้าหน้าที่ แฟลตเก่า,31.0,นายเจต  ทองแก้ว
2026-02-27,15:48:00,มูลฝอยทั่วไป,บ้านพักเจ้าหน้าที่ แฟลตม่านฟ้า,42.0,นายเจต  ทองแก้ว
2026-02-27,15:48:00,มูลฝอยอินทรีย์,งานโภชนาการ,18.0,นายเจต  ทองแก้ว
2026-03-01,16:10:00,มูลฝอยทั่วไป,บ้านพักเจ้าหน้าที่ หน้าห้องซ่อมบำรุง,112.0,นายเจต  ทองแก้ว
2026-03-01,16:10:00,มูลฝอยทั่วไป,จุดพัก ใต้บันได ATM,116.0,นายเจต  ทองแก้ว
2026-03-01,16:10:00,มูลฝอยอินทรีย์,งานโภชนาการ,36.0,นายเจต  ทองแก้ว
2026-03-02,15:45:00,มูลฝอยทั่วไป,บ้านพักเจ้าหน้าที่ หน้าห้องซ่อมบำรุง,128.0,นายเจต  ทองแก้ว
2026-03-02,15:45:00,มูลฝอยทั่วไป,จุดพัก ใต้บันได ATM,116.0,นายเจต  ทองแก้ว
2026-03-02,15:45:00,มูลฝอยทั่วไป,บ้านพักเจ้าหน้าที่ แฟลตปลางทอง,36.0,นายเจต  ทองแก้ว
2026-03-02,15:45:00,มูลฝอยทั่วไป,บ้านพักเจ้าหน้าที่ แฟลต 48 ยูนิต,29.0,นายเจต  ทองแก้ว
2026-03-02,15:45:00,มูลฝอยอินทรีย์,งานโภชนาการ,22.0,นายเจต  ทองแก้ว
2026-03-03,15:00:00,มูลฝอยรีไซเคิล,กระดาษกล่อง,30.0,นางวรีย์ คำผง
2026-03-03,15:00:00,มูลฝอยรีไซเคิล,เศษกระดาษ จับจ๊๊ว,15.0,นางวรีย์ คำผง
2026-03-03,16:30:00,มูลฝอยทั่วไป,บ้านพักเจ้าหน้าที่ หน้าห้องซ่อมบำรุง,124.0,นายเจต  ทองแก้ว
2026-03-03,16:30:00,มูลฝอยทั่วไป,จุดพัก ใต้บันได ATM,136.0,นายเจต  ทองแก้ว
2026-03-03,16:30:00,มูลฝอยทั่วไป,บ้านพักเจ้าหน้าที่ แฟลตม่านฟ้า,34.0,นายเจต  ทองแก้ว
2026-03-03,16:30:00,มูลฝอยทั่วไป,หน่วยงานยานพาหนะ,30.0,นายเจต  ทองแก้ว
2026-03-03,16:30:00,มูลฝอยอินทรีย์,งานโภชนาการ,19.0,นายเจต  ทองแก้ว
2026-03-04,15:00:00,มูลฝอยอันตราย,จุดพัก ATM,87.0,นายเจต  ทองแก้ว
2026-03-04,16:01:00,มูลฝอยทั่วไป,บ้านพักเจ้าหน้าที่ หน้าห้องซ่อมบำรุง,118.0,นายเจต  ทองแก้ว
2026-03-04,16:01:00,มูลฝอยทั่วไป,จุดพัก ใต้บันได ATM,128.0,นายเจต  ทองแก้ว
2026-03-04,16:01:00,มูลฝอยทั่วไป,บ้านพักเจ้าหน้าที่ แฟลตปลางทอง,36.0,นายเจต  ทองแก้ว
2026-03-04,16:01:00,มูลฝอยทั่วไป,บ้านพักเจ้าหน้าที่ แฟลตเก่า,42.0,นายเจต  ทองแก้ว
2026-03-04,16:01:00,มูลฝอยอินทรีย์,งานโภชนาการ,19.0,นายเจต  ทองแก้ว
2026-03-05,16:17:00,มูลฝอยทั่วไป,บ้านพักเจ้าหน้าที่ หน้าห้องซ่อมบำรุง,152.0,นายเจต  ทองแก้ว
2026-03-05,16:17:00,มูลฝอยทั่วไป,จุดพัก ใต้บันได ATM,128.0,นายเจต  ทองแก้ว
2026-03-05,16:17:00,มูลฝอยทั่วไป,บ้านพักเจ้าหน้าที่ แฟลต 48 ยูนิต,38.0,นายเจต  ทองแก้ว
2026-03-05,16:17:00,มูลฝอยทั่วไป,จุดรับส่งพัสดุ เอกชน,42.0,นายเจต  ทองแก้ว
2026-03-05,16:17:00,มูลฝอยอินทรีย์,งานโภชนาการ,19.0,นายเจต  ทองแก้ว
2026-03-07,16:23:00,มูลฝอยทั่วไป,บ้านพักเจ้าหน้าที่ หน้าห้องซ่อมบำรุง,129.0,นายเจต  ทองแก้ว
2026-03-07,16:23:00,มูลฝอยทั่วไป,จุดพัก ใต้บันได ATM,141.0,นายเจต  ทองแก้ว
2026-03-07,16:23:00,มูลฝอยทั่วไป,บ้านพักเจ้าหน้าที่ แฟลตม่านฟ้า,38.0,นายเจต  ทองแก้ว
2026-03-07,16:23:00,มูลฝอยทั่วไป,หน่วยงานยานพาหนะ,36.0,นายเจต  ทองแก้ว
2026-03-07,16:23:00,มูลฝอยทั่วไป,จุดรับส่งพัสดุ เอกชน,41.0,นายเจต  ทองแก้ว
2026-03-07,16:23:00,มูลฝอยอินทรีย์,งานโภชนาการ,21.0,นายเจต  ทองแก้ว
2026-03-08,16:14:00,มูลฝอยทั่วไป,บ้านพักเจ้าหน้าที่ หน้าห้องซ่อมบำรุง,132.0,นายเจต  ทองแก้ว
2026-03-08,16:14:00,มูลฝอยทั่วไป,จุดพัก ใต้บันได ATM,119.0,นายเจต  ทองแก้ว
2026-03-08,16:14:00,มูลฝอยทั่วไป,บ้านพักเจ้าหน้าที่ แฟลต 48 ยูนิต,30.0,นายเจต  ทองแก้ว
2026-03-08,16:14:00,มูลฝอยอินทรีย์,งานโภชนาการ,20.0,นายเจต  ทองแก้ว
2026-03-09,14:00:00,มูลฝอยรีไซเคิล,กระดาษกล่อง,12.4,นางสมหมาย  พิศวงษ์
2026-03-09,14:00:00,มูลฝอยรีไซเคิล,เศษกระดาษ จับจ๊๊ว,3.0,นางสมหมาย  พิศวงษ์
2026-03-11,16:06:00,มูลฝอยทั่วไป,บ้านพักเจ้าหน้าที่ หน้าห้องซ่อมบำรุง,148.0,นายเจต  ทองแก้ว
2026-03-11,16:06:00,มูลฝอยทั่วไป,จุดพัก ใต้บันได ATM,139.0,นายเจต  ทองแก้ว
2026-03-11,16:06:00,มูลฝอยทั่วไป,บ้านพักเจ้าหน้าที่ แฟลต 48 ยูนิต,32.0,นายเจต  ทองแก้ว
2026-03-11,16:06:00,มูลฝอยทั่วไป,หน่วยงานยานพาหนะ,36.0,นายเจต  ทองแก้ว
2026-03-11,16:06:00,มูลฝอยอินทรีย์,งานโภชนาการ,19.0,นายเจต  ทองแก้ว
2026-03-12,16:30:00,มูลฝอยทั่วไป,บ้านพักเจ้าหน้าที่ หน้าห้องซ่อมบำรุง,154.0,นายเจต  ทองแก้ว
2026-03-12,16:30:00,มูลฝอยทั่วไป,จุดพัก ใต้บันได ATM,132.0,นายเจต  ทองแก้ว
2026-03-12,16:30:00,มูลฝอยทั่วไป,บ้านพักเจ้าหน้าที่ แฟลตเก่า,35.0,นายเจต  ทองแก้ว
2026-03-12,16:30:00,มูลฝอยทั่วไป,จุดรับส่งพัสดุ เอกชน,42.0,นายเจต  ทองแก้ว
2026-03-12,16:30:00,มูลฝอยอินทรีย์,งานโภชนาการ,20.0,นายเจต  ทองแก้ว
2026-03-14,10:30:00,มูลฝอยรีไซเคิล,กระดาษกล่อง,9.2,นางสมหมาย  พิศวงษ์
2026-03-14,10:30:00,มูลฝอยรีไซเคิล,เศษกระดาษ จับจ๊๊ว,3.0,นางสมหมาย  พิศวงษ์
2026-03-14,15:10:00,มูลฝอยรีไซเคิล,กระดาษกล่อง,41.0,นางสมหมาย  พิศวงษ์
2026-03-14,15:10:00,มูลฝอยรีไซเคิล,เศษกระดาษ จับจ๊๊ว,19.0,นางสมหมาย  พิศวงษ์
2026-03-15,16:13:00,มูลฝอยทั่วไป,บ้านพักเจ้าหน้าที่ หน้าห้องซ่อมบำรุง,154.0,นายเจต  ทองแก้ว
2026-03-15,16:13:00,มูลฝอยทั่วไป,จุดพัก ใต้บันได ATM,122.0,นายเจต  ทองแก้ว
2026-03-15,16:13:00,มูลฝอยทั่วไป,บ้านพักเจ้าหน้าที่ แฟลตปลางทอง,42.0,นายเจต  ทองแก้ว
2026-03-15,16:13:00,มูลฝอยทั่วไป,จุดรับส่งพัสดุ เอกชน,43.0,นายเจต  ทองแก้ว
2026-03-15,16:13:00,มูลฝอยอินทรีย์,งานโภชนาการ,18.0,นายเจต  ทองแก้ว
2026-03-16,16:30:00,มูลฝอยทั่วไป,บ้านพักเจ้าหน้าที่ หน้าห้องซ่อมบำรุง,142.0,นายเจต  ทองแก้ว
2026-03-16,16:30:00,มูลฝอยทั่วไป,จุดพัก ใต้บันได ATM,122.0,นายเจต  ทองแก้ว
2026-03-16,16:30:00,มูลฝอยทั่วไป,บ้านพักเจ้าหน้าที่ แฟลตเก่า,36.0,นายเจต  ทองแก้ว
2026-03-16,16:30:00,มูลฝอยอินทรีย์,งานโภชนาการ,19.0,นายเจต  ทองแก้ว
2026-03-17,14:10:00,มูลฝอยรีไซเคิล,กระดาษกล่อง,17.2,นางสมหมาย  พิศวงษ์
2026-03-17,14:10:00,มูลฝอยรีไซเคิล,เศษกระดาษ จับจ๊๊ว,4.5,นางสมหมาย  พิศวงษ์
2026-03-17,16:30:00,มูลฝอยทั่วไป,บ้านพักเจ้าหน้าที่ หน้าห้องซ่อมบำรุง,145.0,นายเจต  ทองแก้ว
2026-03-17,16:30:00,มูลฝอยทั่วไป,จุดพัก ใต้บันได ATM,127.0,นายเจต  ทองแก้ว
2026-03-17,16:30:00,มูลฝอยทั่วไป,บ้านพักเจ้าหน้าที่ แฟลตม่านฟ้า,37.0,นายเจต  ทองแก้ว
2026-03-17,16:30:00,มูลฝอยอินทรีย์,งานโภชนาการ,19.0,นายเจต  ทองแก้ว
2026-03-18,10:45:00,มูลฝอยรีไซเคิล,กระดาษกล่อง,40.0,นางวรีย์ คำผง
2026-03-18,10:45:00,มูลฝอยรีไซเคิล,เศษกระดาษ จับจ๊๊ว,10.0,นางวรีย์ คำผง
2026-03-18,16:30:00,มูลฝอยทั่วไป,บ้านพักเจ้าหน้าที่ หน้าห้องซ่อมบำรุง,132.0,นายเจต  ทองแก้ว
2026-03-18,16:30:00,มูลฝอยทั่วไป,จุดพัก ใต้บันได ATM,148.0,นายเจต  ทองแก้ว
2026-03-18,16:30:00,มูลฝอยทั่วไป,จุดรับส่งพัสดุ เอกชน,34.0,นายเจต  ทองแก้ว
2026-03-18,16:30:00,มูลฝอยอินทรีย์,งานโภชนาการ,21.0,นายเจต  ทองแก้ว
2026-03-19,16:30:00,มูลฝอยทั่วไป,บ้านพักเจ้าหน้าที่ หน้าห้องซ่อมบำรุง,164.0,นายเจต  ทองแก้ว
2026-03-19,16:30:00,มูลฝอยทั่วไป,จุดพัก ใต้บันได ATM,173.0,นายเจต  ทองแก้ว
2026-03-19,16:30:00,มูลฝอยทั่วไป,บ้านพักเจ้าหน้าที่ แฟลตปลางทอง,38.0,นายเจต  ทองแก้ว
2026-03-19,16:30:00,มูลฝอยทั่วไป,หน่วยงานยานพาหนะ,38.0,นายเจต  ทองแก้ว
2026-03-19,16:30:00,มูลฝอยอินทรีย์,งานโภชนาการ,17.0,นายเจต  ทองแก้ว
2026-03-20,16:30:00,มูลฝอยทั่วไป,บ้านพักเจ้าหน้าที่ หน้าห้องซ่อมบำรุง,146.0,นายเจต  ทองแก้ว
2026-03-20,16:30:00,มูลฝอยทั่วไป,จุดพัก ใต้บันได ATM,139.0,นายเจต  ทองแก้ว
2026-03-20,16:30:00,มูลฝอยทั่วไป,บ้านพักเจ้าหน้าที่ แฟลตเก่า,36.0,นายเจต  ทองแก้ว
2026-03-20,16:30:00,มูลฝอยทั่วไป,บ้านพักเจ้าหน้าที่ แฟลต 48 ยูนิต,32.0,นายเจต  ทองแก้ว
2026-03-20,16:30:00,มูลฝอยทั่วไป,จุดรับส่งพัสดุ เอกชน,43.0,นายเจต  ทองแก้ว
2026-03-20,16:30:00,มูลฝอยอินทรีย์,งานโภชนาการ,17.0,นายเจต  ทองแก้ว
2026-03-23,16:30:00,มูลฝอยทั่วไป,บ้านพักเจ้าหน้าที่ หน้าห้องซ่อมบำรุง,146.0,นายเจต  ทองแก้ว
2026-03-23,16:30:00,มูลฝอยทั่วไป,จุดพัก ใต้บันได ATM,128.0,นายเจต  ทองแก้ว
2026-03-23,16:30:00,มูลฝอยทั่วไป,บ้านพักเจ้าหน้าที่ แฟลต 48 ยูนิต,36.0,นายเจต  ทองแก้ว
2026-03-23,16:30:00,มูลฝอยอินทรีย์,งานโภชนาการ,23.0,นายเจต  ทองแก้ว
2026-03-24,16:30:00,มูลฝอยทั่วไป,บ้านพักเจ้าหน้าที่ หน้าห้องซ่อมบำรุง,147.0,นายเจต  ทองแก้ว
2026-03-24,16:30:00,มูลฝอยทั่วไป,จุดพัก ใต้บันได ATM,134.0,นายเจต  ทองแก้ว
2026-03-24,16:30:00,มูลฝอยทั่วไป,บ้านพักเจ้าหน้าที่ แฟลตปลางทอง,36.0,นายเจต  ทองแก้ว
2026-03-24,16:30:00,มูลฝอยทั่วไป,หน่วยงานยานพาหนะ,36.0,นายเจต  ทองแก้ว
2026-03-24,16:30:00,มูลฝอยทั่วไป,จุดรับส่งพัสดุ เอกชน,48.0,นายเจต  ทองแก้ว
2026-03-24,16:30:00,มูลฝอยอินทรีย์,งานโภชนาการ,19.0,นายเจต  ทองแก้ว
2026-03-28,16:30:00,มูลฝอยทั่วไป,บ้านพักเจ้าหน้าที่ หน้าห้องซ่อมบำรุง,147.0,นายเจต  ทองแก้ว
2026-03-28,16:30:00,มูลฝอยทั่วไป,จุดพัก ใต้บันได ATM,139.0,นายเจต  ทองแก้ว
2026-03-28,16:30:00,มูลฝอยทั่วไป,บ้านพักเจ้าหน้าที่ แฟลต 48 ยูนิต,41.0,นายเจต  ทองแก้ว
2026-03-28,16:30:00,มูลฝอยทั่วไป,หน่วยงานยานพาหนะ,38.0,นายเจต  ทองแก้ว
2026-03-28,16:30:00,มูลฝอยทั่วไป,จุดรับส่งพัสดุ เอกชน,42.0,นายเจต  ทองแก้ว
2026-03-29,9:45:00,มูลฝอยรีไซเคิล,กระดาษกล่อง,12.6,นางสมหมาย  พิศวงษ์
2026-03-29,9:45:00,มูลฝอยรีไซเคิล,เศษกระดาษ จับจ๊๊ว,3.5,นางสมหมาย  พิศวงษ์
2026-03-30,16:30:00,มูลฝอยทั่วไป,บ้านพักเจ้าหน้าที่ หน้าห้องซ่อมบำรุง,154.0,นายเจต  ทองแก้ว
2026-03-30,16:30:00,มูลฝอยทั่วไป,จุดพัก ใต้บันได ATM,168.0,นายเจต  ทองแก้ว
2026-03-30,16:30:00,มูลฝอยทั่วไป,บ้านพักเจ้าหน้าที่ แฟลต 48 ยูนิต,42.0,นายเจต  ทองแก้ว
2026-03-30,16:30:00,มูลฝอยทั่วไป,บ้านพักเจ้าหน้าที่ แฟลตม่านฟ้า,37.0,นายเจต  ทองแก้ว
2026-03-30,16:30:00,มูลฝอยอินทรีย์,งานโภชนาการ,52.0,นายเจต  ทองแก้ว
2026-03-31,16:30:00,มูลฝอยทั่วไป,บ้านพักเจ้าหน้าที่ หน้าห้องซ่อมบำรุง,138.0,นายเจต  ทองแก้ว
2026-03-31,16:30:00,มูลฝอยทั่วไป,จุดพัก ใต้บันได ATM,145.0,นายเจต  ทองแก้ว
2026-03-31,16:30:00,มูลฝอยทั่วไป,บ้านพักเจ้าหน้าที่ แฟลตปลางทอง,39.0,นายเจต  ทองแก้ว
2026-03-31,16:30:00,มูลฝอยอินทรีย์,งานโภชนาการ,21.0,นายเจต  ทองแก้ว
2026-04-01,16:03:00,มูลฝอยทั่วไป,บ้านพักเจ้าหน้าที่ หน้าห้องซ่อมบำรุง,146.0,นายเจต  ทองแก้ว
2026-04-01,16:03:00,มูลฝอยทั่วไป,จุดพัก ใต้บันได ATM,152.0,นายเจต  ทองแก้ว
2026-04-01,16:03:00,มูลฝอยทั่วไป,บ้านพักเจ้าหน้าที่ แฟลตเก่า,41.0,นายเจต  ทองแก้ว
2026-04-01,16:03:00,มูลฝอยทั่วไป,บ้านพักเจ้าหน้าที่ แฟลตม่านฟ้า,37.0,นายเจต  ทองแก้ว
2026-04-01,16:03:00,มูลฝอยอินทรีย์,งานโภชนาการ,19.0,นายเจต  ทองแก้ว
2026-04-01,16:05:00,มูลฝอยอันตราย,จุดพัก OPD อาคาร 3 ชั้น,220.0,นายเจต  ทองแก้ว
2026-04-02,16:30:00,มูลฝอยทั่วไป,บ้านพักเจ้าหน้าที่ หน้าห้องซ่อมบำรุง,164.0,นายเจต  ทองแก้ว
2026-04-02,16:30:00,มูลฝอยทั่วไป,จุดพัก ใต้บันได ATM,143.0,นายเจต  ทองแก้ว
2026-04-02,16:30:00,มูลฝอยทั่วไป,บ้านพักเจ้าหน้าที่ แฟลตปลางทอง,31.0,นายเจต  ทองแก้ว
2026-04-02,16:30:00,มูลฝอยทั่วไป,บ้านพักเจ้าหน้าที่ แฟลต 48 ยูนิต,38.0,นายเจต  ทองแก้ว
2026-04-02,16:30:00,มูลฝอยอินทรีย์,งานโภชนาการ,21.0,นายเจต  ทองแก้ว
2026-04-03,16:30:00,มูลฝอยทั่วไป,บ้านพักเจ้าหน้าที่ หน้าห้องซ่อมบำรุง,168.0,นายเจต  ทองแก้ว
2026-04-03,16:30:00,มูลฝอยทั่วไป,จุดพัก ใต้บันได ATM,173.0,นายเจต  ทองแก้ว
2026-04-03,16:30:00,มูลฝอยทั่วไป,บ้านพักเจ้าหน้าที่ แฟลตปลางทอง,38.0,นายเจต  ทองแก้ว
2026-04-03,16:30:00,มูลฝอยทั่วไป,หน่วยงานยานพาหนะ,39.0,นายเจต  ทองแก้ว
2026-04-03,16:30:00,มูลฝอยอินทรีย์,งานโภชนาการ,21.0,นายเจต  ทองแก้ว
2026-04-04,16:04:00,มูลฝอยทั่วไป,บ้านพักเจ้าหน้าที่ หน้าห้องซ่อมบำรุง,125.0,นายเจต  ทองแก้ว
2026-04-04,16:04:00,มูลฝอยทั่วไป,จุดพัก ใต้บันได ATM,118.0,นายเจต  ทองแก้ว
2026-04-04,16:04:00,มูลฝอยทั่วไป,บ้านพักเจ้าหน้าที่ แฟลตเก่า,29.0,นายเจต  ทองแก้ว
2026-04-04,16:04:00,มูลฝอยทั่วไป,บ้านพักเจ้าหน้าที่ แฟลต 48 ยูนิต,30.0,นายเจต  ทองแก้ว
2026-04-04,16:04:00,มูลฝอยทั่วไป,บ้านพักเจ้าหน้าที่ แฟลตม่านฟ้า,37.0,นายเจต  ทองแก้ว
2026-04-04,16:04:00,มูลฝอยทั่วไป,จุดรับส่งพัสดุ เอกชน,41.0,นายเจต  ทองแก้ว
2026-04-04,16:04:00,มูลฝอยอินทรีย์,งานโภชนาการ,18.0,นายเจต  ทองแก้ว
2026-04-05,16:30:00,มูลฝอยทั่วไป,บ้านพักเจ้าหน้าที่ หน้าห้องซ่อมบำรุง,113.0,นายเจต  ทองแก้ว
2026-04-05,16:30:00,มูลฝอยทั่วไป,จุดพัก ใต้บันได ATM,108.0,นายเจต  ทองแก้ว
2026-04-05,16:30:00,มูลฝอยทั่วไป,หน่วยงานยานพาหนะ,36.0,นายเจต  ทองแก้ว
2026-04-05,16:30:00,มูลฝอยอินทรีย์,งานโภชนาการ,19.0,นายเจต  ทองแก้ว
2026-04-06,15:43:00,มูลฝอยทั่วไป,บ้านพักเจ้าหน้าที่ หน้าห้องซ่อมบำรุง,98.0,นายเจต  ทองแก้ว
2026-04-06,15:43:00,มูลฝอยทั่วไป,จุดพัก ใต้บันได ATM,103.0,นายเจต  ทองแก้ว
2026-04-06,15:43:00,มูลฝอยทั่วไป,บ้านพักเจ้าหน้าที่ แฟลตเก่า,38.0,นายเจต  ทองแก้ว
2026-04-06,15:43:00,มูลฝอยอินทรีย์,งานโภชนาการ,19.0,นายเจต  ทองแก้ว
2026-04-07,16:30:00,มูลฝอยทั่วไป,บ้านพักเจ้าหน้าที่ หน้าห้องซ่อมบำรุง,153.0,นายเจต  ทองแก้ว
2026-04-07,16:30:00,มูลฝอยทั่วไป,จุดพัก ใต้บันได ATM,147.0,นายเจต  ทองแก้ว
2026-04-07,16:30:00,มูลฝอยทั่วไป,บ้านพักเจ้าหน้าที่ แฟลตปลางทอง,36.0,นายเจต  ทองแก้ว
2026-04-07,16:30:00,มูลฝอยทั่วไป,จุดรับส่งพัสดุ เอกชน,42.0,นายเจต  ทองแก้ว
2026-04-07,16:30:00,มูลฝอยอินทรีย์,งานโภชนาการ,19.0,นายเจต  ทองแก้ว
2026-04-08,13:30:00,มูลฝอยรีไซเคิล,กระดาษกล่อง,25.0,นางวรีย์ คำผง
2026-04-08,13:30:00,มูลฝอยรีไซเคิล,เศษกระดาษ จับจ๊๊ว,10.0,นางวรีย์ คำผง
2026-04-08,16:30:00,มูลฝอยทั่วไป,บ้านพักเจ้าหน้าที่ หน้าห้องซ่อมบำรุง,168.0,นายเจต  ทองแก้ว
2026-04-08,16:30:00,มูลฝอยทั่วไป,จุดพัก ใต้บันได ATM,172.0,นายเจต  ทองแก้ว
2026-04-08,16:30:00,มูลฝอยทั่วไป,บ้านพักเจ้าหน้าที่ แฟลตปลางทอง,39.0,นายเจต  ทองแก้ว
2026-04-08,16:30:00,มูลฝอยทั่วไป,บ้านพักเจ้าหน้าที่ แฟลตเก่า,38.0,นายเจต  ทองแก้ว
2026-04-08,16:30:00,มูลฝอยอินทรีย์,งานโภชนาการ,19.0,นายเจต  ทองแก้ว
2026-04-09,16:30:00,มูลฝอยทั่วไป,บ้านพักเจ้าหน้าที่ หน้าห้องซ่อมบำรุง,172.0,นายเจต  ทองแก้ว
2026-04-09,16:30:00,มูลฝอยทั่วไป,จุดพัก ใต้บันได ATM,154.0,นายเจต  ทองแก้ว
2026-04-09,16:30:00,มูลฝอยทั่วไป,จุดรับส่งพัสดุ เอกชน,43.0,นายเจต  ทองแก้ว
2026-04-09,16:30:00,มูลฝอยอินทรีย์,งานโภชนาการ,21.0,นายเจต  ทองแก้ว
2026-04-10,16:30:00,มูลฝอยทั่วไป,บ้านพักเจ้าหน้าที่ หน้าห้องซ่อมบำรุง,194.0,นายเจต  ทองแก้ว
2026-04-10,16:30:00,มูลฝอยทั่วไป,จุดพัก ใต้บันได ATM,211.0,นายเจต  ทองแก้ว
2026-04-10,16:30:00,มูลฝอยทั่วไป,บ้านพักเจ้าหน้าที่ แฟลตเก่า,41.0,นายเจต  ทองแก้ว
2026-04-10,16:30:00,มูลฝอยทั่วไป,บ้านพักเจ้าหน้าที่ แฟลต 48 ยูนิต,44.0,นายเจต  ทองแก้ว
2026-04-10,16:30:00,มูลฝอยทั่วไป,บ้านพักเจ้าหน้าที่ แฟลตม่านฟ้า,36.0,นายเจต  ทองแก้ว
2026-04-10,16:30:00,มูลฝอยทั่วไป,หน่วยงานยานพาหนะ,32.0,นายเจต  ทองแก้ว
2026-04-10,16:30:00,มูลฝอยอินทรีย์,งานโภชนาการ,18.0,นายเจต  ทองแก้ว
2026-04-11,16:30:00,มูลฝอยทั่วไป,บ้านพักเจ้าหน้าที่ หน้าห้องซ่อมบำรุง,168.0,นายเจต  ทองแก้ว
2026-04-11,16:30:00,มูลฝอยทั่วไป,จุดพัก ใต้บันได ATM,147.0,นายเจต  ทองแก้ว
2026-04-11,16:30:00,มูลฝอยทั่วไป,บ้านพักเจ้าหน้าที่ แฟลตปลางทอง,38.0,นายเจต  ทองแก้ว
2026-04-11,16:30:00,มูลฝอยทั่วไป,จุดรับส่งพัสดุ เอกชน,42.0,นายเจต  ทองแก้ว
2026-04-11,16:30:00,มูลฝอยอินทรีย์,งานโภชนาการ,19.0,นายเจต  ทองแก้ว
2026-04-12,10:00:00,มูลฝอยรีไซเคิล,กระดาษกล่อง,30.0,นางวรีย์ คำผง
2026-04-12,10:00:00,มูลฝอยรีไซเคิล,เศษกระดาษ จับจ๊๊ว,15.0,นางวรีย์ คำผง
2026-04-12,16:30:00,มูลฝอยทั่วไป,บ้านพักเจ้าหน้าที่ หน้าห้องซ่อมบำรุง,142.0,นายเจต  ทองแก้ว
2026-04-12,16:30:00,มูลฝอยทั่วไป,จุดพัก ใต้บันได ATM,158.0,นายเจต  ทองแก้ว
2026-04-12,16:30:00,มูลฝอยทั่วไป,บ้านพักเจ้าหน้าที่ แฟลต 48 ยูนิต,38.0,นายเจต  ทองแก้ว
2026-04-12,16:30:00,มูลฝอยอินทรีย์,งานโภชนาการ,16.0,นายเจต  ทองแก้ว
2026-04-13,16:30:00,มูลฝอยทั่วไป,บ้านพักเจ้าหน้าที่ หน้าห้องซ่อมบำรุง,121.0,นายเจต  ทองแก้ว
2026-04-13,16:30:00,มูลฝอยทั่วไป,จุดพัก ใต้บันได ATM,114.0,นายเจต  ทองแก้ว
2026-04-13,16:30:00,มูลฝอยทั่วไป,บ้านพักเจ้าหน้าที่ แฟลตปลางทอง,34.0,นายเจต  ทองแก้ว
2026-04-13,16:30:00,มูลฝอยทั่วไป,บ้านพักเจ้าหน้าที่ แฟลต 48 ยูนิต,39.0,นายเจต  ทองแก้ว
2026-04-13,16:30:00,มูลฝอยอินทรีย์,งานโภชนาการ,19.0,นายเจต  ทองแก้ว
2026-04-14,16:30:00,มูลฝอยทั่วไป,บ้านพักเจ้าหน้าที่ หน้าห้องซ่อมบำรุง,119.0,นายเจต  ทองแก้ว
2026-04-14,16:30:00,มูลฝอยทั่วไป,จุดพัก ใต้บันได ATM,108.0,นายเจต  ทองแก้ว
2026-04-14,16:30:00,มูลฝอยทั่วไป,หน่วยงานยานพาหนะ,30.0,นายเจต  ทองแก้ว
2026-04-14,16:30:00,มูลฝอยอินทรีย์,งานโภชนาการ,21.0,นายเจต  ทองแก้ว
2026-04-15,16:30:00,มูลฝอยทั่วไป,บ้านพักเจ้าหน้าที่ หน้าห้องซ่อมบำรุง,108.0,นายเจต  ทองแก้ว
2026-04-15,16:30:00,มูลฝอยทั่วไป,จุดพัก ใต้บันได ATM,116.0,นายเจต  ทองแก้ว
2026-04-15,16:30:00,มูลฝอยทั่วไป,บ้านพักเจ้าหน้าที่ แฟลตเก่า,39.0,นายเจต  ทองแก้ว
2026-04-15,16:30:00,มูลฝอยอินทรีย์,งานโภชนาการ,16.0,นายเจต  ทองแก้ว
2026-04-16,16:30:00,มูลฝอยทั่วไป,บ้านพักเจ้าหน้าที่ หน้าห้องซ่อมบำรุง,138.0,นายเจต  ทองแก้ว
2026-04-16,16:30:00,มูลฝอยทั่วไป,จุดพัก ใต้บันได ATM,138.0,นายเจต  ทองแก้ว
2026-04-16,16:30:00,มูลฝอยอินทรีย์,งานโภชนาการ,15.0,นายเจต  ทองแก้ว
2026-04-17,16:30:00,มูลฝอยทั่วไป,บ้านพักเจ้าหน้าที่ หน้าห้องซ่อมบำรุง,154.0,นายเจต  ทองแก้ว
2026-04-17,16:30:00,มูลฝอยทั่วไป,จุดพัก ใต้บันได ATM,148.0,นายเจต  ทองแก้ว
2026-04-17,16:30:00,มูลฝอยทั่วไป,บ้านพักเจ้าหน้าที่ แฟลต 48 ยูนิต,36.0,นายเจต  ทองแก้ว
2026-04-17,16:30:00,มูลฝอยทั่วไป,บ้านพักเจ้าหน้าที่ แฟลตม่านฟ้า,38.0,นายเจต  ทองแก้ว
2026-04-17,16:30:00,มูลฝอยอินทรีย์,งานโภชนาการ,19.0,นายเจต  ทองแก้ว
2026-04-18,16:30:00,มูลฝอยทั่วไป,บ้านพักเจ้าหน้าที่ หน้าห้องซ่อมบำรุง,152.0,นายเจต  ทองแก้ว
2026-04-18,16:30:00,มูลฝอยทั่วไป,จุดพัก ใต้บันได ATM,130.0,นายเจต  ทองแก้ว
2026-04-18,16:30:00,มูลฝอยทั่วไป,บ้านพักเจ้าหน้าที่ แฟลตปลางทอง,37.0,นายเจต  ทองแก้ว
2026-04-18,16:30:00,มูลฝอยทั่วไป,จุดรับส่งพัสดุ เอกชน,47.0,นายเจต  ทองแก้ว
2026-04-18,16:30:00,มูลฝอยอินทรีย์,งานโภชนาการ,19.0,นายเจต  ทองแก้ว
2026-04-19,15:00:00,มูลฝอยรีไซเคิล,กระดาษกล่อง,20.0,นางวรีย์ คำผง
2026-04-19,15:00:00,มูลฝอยรีไซเคิล,เศษกระดาษ จับจ๊๊ว,10.0,นางวรีย์ คำผง
2026-04-19,16:30:00,มูลฝอยทั่วไป,บ้านพักเจ้าหน้าที่ หน้าห้องซ่อมบำรุง,84.0,นายเจต  ทองแก้ว
2026-04-19,16:30:00,มูลฝอยทั่วไป,จุดพัก ใต้บันได ATM,78.0,นายเจต  ทองแก้ว
2026-04-19,16:30:00,มูลฝอยทั่วไป,บ้านพักเจ้าหน้าที่ แฟลตเก่า,41.0,นายเจต  ทองแก้ว
2026-04-19,16:30:00,มูลฝอยอินทรีย์,งานโภชนาการ,20.0,นายเจต  ทองแก้ว
2026-04-19,16:30:00,มูลฝอยอันตราย,จุดพัก ATM,64.0,นายเจต  ทองแก้ว
2026-04-21,16:30:00,มูลฝอยทั่วไป,บ้านพักเจ้าหน้าที่ หน้าห้องซ่อมบำรุง,172.0,นายเจต  ทองแก้ว
2026-04-21,16:30:00,มูลฝอยทั่วไป,จุดพัก ใต้บันได ATM,154.0,นายเจต  ทองแก้ว
2026-04-21,16:30:00,มูลฝอยทั่วไป,บ้านพักเจ้าหน้าที่ แฟลต 48 ยูนิต,51.0,นายเจต  ทองแก้ว
2026-04-21,16:30:00,มูลฝอยทั่วไป,บ้านพักเจ้าหน้าที่ แฟลตม่านฟ้า,41.0,นายเจต  ทองแก้ว
2026-04-21,16:30:00,มูลฝอยอินทรีย์,งานโภชนาการ,19.0,นายเจต  ทองแก้ว
2026-04-22,16:30:00,มูลฝอยทั่วไป,บ้านพักเจ้าหน้าที่ หน้าห้องซ่อมบำรุง,168.0,นายเจต  ทองแก้ว
2026-04-22,16:30:00,มูลฝอยทั่วไป,จุดพัก ใต้บันได ATM,174.0,นายเจต  ทองแก้ว
2026-04-22,16:30:00,มูลฝอยทั่วไป,บ้านพักเจ้าหน้าที่ แฟลตปลางทอง,38.0,นายเจต  ทองแก้ว
2026-04-22,16:30:00,มูลฝอยทั่วไป,บ้านพักเจ้าหน้าที่ แฟลตเก่า,48.0,นายเจต  ทองแก้ว
2026-04-22,16:30:00,มูลฝอยอินทรีย์,งานโภชนาการ,21.0,นายเจต  ทองแก้ว
2026-04-23,16:30:00,มูลฝอยทั่วไป,บ้านพักเจ้าหน้าที่ หน้าห้องซ่อมบำรุง,168.0,นายเจต  ทองแก้ว
2026-04-23,16:30:00,มูลฝอยทั่วไป,จุดพัก ใต้บันได ATM,147.0,นายเจต  ทองแก้ว
2026-04-23,16:30:00,มูลฝอยทั่วไป,บ้านพักเจ้าหน้าที่ แฟลตเก่า,38.0,นายเจต  ทองแก้ว
2026-04-23,16:30:00,มูลฝอยทั่วไป,บ้านพักเจ้าหน้าที่ แฟลต 48 ยูนิต,32.0,นายเจต  ทองแก้ว
2026-04-23,16:30:00,มูลฝอยอินทรีย์,งานโภชนาการ,19.0,นายเจต  ทองแก้ว
2026-04-24,16:30:00,มูลฝอยทั่วไป,บ้านพักเจ้าหน้าที่ หน้าห้องซ่อมบำรุง,172.0,นายเจต  ทองแก้ว
2026-04-24,16:30:00,มูลฝอยทั่วไป,จุดพัก ใต้บันได ATM,162.0,นายเจต  ทองแก้ว
2026-04-24,16:30:00,มูลฝอยทั่วไป,บ้านพักเจ้าหน้าที่ แฟลตปลางทอง,32.0,นายเจต  ทองแก้ว
2026-04-24,16:30:00,มูลฝอยทั่วไป,บ้านพักเจ้าหน้าที่ แฟลต 48 ยูนิต,30.0,นายเจต  ทองแก้ว
2026-04-24,16:30:00,มูลฝอยทั่วไป,หน่วยงานยานพาหนะ,32.0,นายเจต  ทองแก้ว
2026-04-24,16:30:00,มูลฝอยอินทรีย์,งานโภชนาการ,21.0,นายเจต  ทองแก้ว
2026-04-25,16:30:00,มูลฝอยทั่วไป,บ้านพักเจ้าหน้าที่ หน้าห้องซ่อมบำรุง,164.0,นายเจต  ทองแก้ว
2026-04-25,16:30:00,มูลฝอยทั่วไป,จุดพัก ใต้บันได ATM,114.0,นายเจต  ทองแก้ว
2026-04-25,16:30:00,มูลฝอยทั่วไป,บ้านพักเจ้าหน้าที่ แฟลตม่านฟ้า,29.0,นายเจต  ทองแก้ว
2026-04-25,16:30:00,มูลฝอยทั่วไป,จุดรับส่งพัสดุ เอกชน,38.0,นายเจต  ทองแก้ว
2026-04-25,16:30:00,มูลฝอยอินทรีย์,งานโภชนาการ,18.0,นายเจต  ทองแก้ว
2026-04-26,16:30:00,มูลฝอยทั่วไป,บ้านพักเจ้าหน้าที่ หน้าห้องซ่อมบำรุง,136.0,นายเจต  ทองแก้ว
2026-04-26,16:30:00,มูลฝอยทั่วไป,จุดพัก ใต้บันได ATM,124.0,นายเจต  ทองแก้ว
2026-04-26,16:30:00,มูลฝอยทั่วไป,บ้านพักเจ้าหน้าที่ แฟลตเก่า,36.0,นายเจต  ทองแก้ว
2026-04-26,16:30:00,มูลฝอยทั่วไป,บ้านพักเจ้าหน้าที่ แฟลต 48 ยูนิต,38.0,นายเจต  ทองแก้ว
2026-04-26,16:30:00,มูลฝอยอินทรีย์,งานโภชนาการ,18.0,นายเจต  ทองแก้ว
2026-04-28,11:45:00,มูลฝอยรีไซเคิล,กระดาษกล่อง,40.0,นางวรีย์ คำผง
2026-04-28,11:45:00,มูลฝอยรีไซเคิล,เศษกระดาษ จับจ๊๊ว,20.0,นางวรีย์ คำผง
2026-04-28,16:05:00,มูลฝอยทั่วไป,บ้านพักเจ้าหน้าที่ หน้าห้องซ่อมบำรุง,165.0,นายเจต  ทองแก้ว
2026-04-28,16:05:00,มูลฝอยทั่วไป,จุดพัก ใต้บันได ATM,142.0,นายเจต  ทองแก้ว
2026-04-28,16:05:00,มูลฝอยทั่วไป,บ้านพักเจ้าหน้าที่ แฟลต 48 ยูนิต,32.0,นายเจต  ทองแก้ว
2026-04-28,16:05:00,มูลฝอยอินทรีย์,งานโภชนาการ,18.0,นายเจต  ทองแก้ว
2026-04-29,16:30:00,มูลฝอยทั่วไป,บ้านพักเจ้าหน้าที่ หน้าห้องซ่อมบำรุง,165.0,นายเจต  ทองแก้ว
2026-04-29,16:30:00,มูลฝอยทั่วไป,จุดพัก ใต้บันได ATM,168.0,นายเจต  ทองแก้ว
2026-04-29,16:30:00,มูลฝอยทั่วไป,บ้านพักเจ้าหน้าที่ แฟลตปลางทอง,32.0,นายเจต  ทองแก้ว
2026-04-29,16:30:00,มูลฝอยทั่วไป,บ้านพักเจ้าหน้าที่ แฟลตม่านฟ้า,30.0,นายเจต  ทองแก้ว
2026-04-29,16:30:00,มูลฝอยทั่วไป,จุดรับส่งพัสดุ เอกชน,42.0,นายเจต  ทองแก้ว
2026-04-29,16:30:00,มูลฝอยอินทรีย์,งานโภชนาการ,19.0,นายเจต  ทองแก้ว
2026-05-01,16:30:00,มูลฝอยทั่วไป,บ้านพักเจ้าหน้าที่ หน้าห้องซ่อมบำรุง,163.0,นายเจต  ทองแก้ว
2026-05-01,16:30:00,มูลฝอยทั่วไป,จุดพัก ใต้บันได ATM,142.0,นายเจต  ทองแก้ว
2026-05-01,16:30:00,มูลฝอยทั่วไป,บ้านพักเจ้าหน้าที่ แฟลตเก่า,38.0,นายเจต  ทองแก้ว
2026-05-01,16:30:00,มูลฝอยทั่วไป,บ้านพักเจ้าหน้าที่ แฟลต 48 ยูนิต,32.0,นายเจต  ทองแก้ว
2026-05-01,16:30:00,มูลฝอยอินทรีย์,งานโภชนาการ,18.0,นายเจต  ทองแก้ว
2026-05-02,16:30:00,มูลฝอยทั่วไป,บ้านพักเจ้าหน้าที่ หน้าห้องซ่อมบำรุง,116.0,นายเจต  ทองแก้ว
2026-05-02,16:30:00,มูลฝอยทั่วไป,จุดพัก ใต้บันได ATM,109.0,นายเจต  ทองแก้ว
2026-05-02,16:30:00,มูลฝอยทั่วไป,บ้านพักเจ้าหน้าที่ แฟลตปลางทอง,39.0,นายเจต  ทองแก้ว
2026-05-02,16:30:00,มูลฝอยอินทรีย์,งานโภชนาการ,18.0,นายเจต  ทองแก้ว
2026-05-03,16:30:00,มูลฝอยทั่วไป,บ้านพักเจ้าหน้าที่ หน้าห้องซ่อมบำรุง,136.0,นายเจต  ทองแก้ว
2026-05-03,16:30:00,มูลฝอยทั่วไป,จุดพัก ใต้บันได ATM,126.0,นายเจต  ทองแก้ว
2026-05-03,16:30:00,มูลฝอยทั่วไป,บ้านพักเจ้าหน้าที่ แฟลตเก่า,32.0,นายเจต  ทองแก้ว
2026-05-03,16:30:00,มูลฝอยทั่วไป,บ้านพักเจ้าหน้าที่ แฟลต 48 ยูนิต,26.0,นายเจต  ทองแก้ว
2026-05-03,16:30:00,มูลฝอยทั่วไป,หน่วยงานยานพาหนะ,28.0,นายเจต  ทองแก้ว
2026-05-03,16:30:00,มูลฝอยทั่วไป,จุดรับส่งพัสดุ เอกชน,42.0,นายเจต  ทองแก้ว
2026-05-03,16:30:00,มูลฝอยอินทรีย์,งานโภชนาการ,8.0,นายเจต  ทองแก้ว
2026-05-04,16:30:00,มูลฝอยทั่วไป,บ้านพักเจ้าหน้าที่ หน้าห้องซ่อมบำรุง,172.0,นายเจต  ทองแก้ว
2026-05-04,16:30:00,มูลฝอยทั่วไป,จุดพัก ใต้บันได ATM,154.0,นายเจต  ทองแก้ว
2026-05-04,16:30:00,มูลฝอยทั่วไป,บ้านพักเจ้าหน้าที่ แฟลตม่านฟ้า,30.0,นายเจต  ทองแก้ว
2026-05-04,16:30:00,มูลฝอยทั่วไป,หน่วยงานยานพาหนะ,36.0,นายเจต  ทองแก้ว
2026-05-04,16:30:00,มูลฝอยอินทรีย์,งานโภชนาการ,20.0,นายเจต  ทองแก้ว
2026-05-05,16:00:00,มูลฝอยทั่วไป,บ้านพักเจ้าหน้าที่ หน้าห้องซ่อมบำรุง,42.0,นายชาตรี  สังข์สมศักดิ์
2026-05-05,16:00:00,มูลฝอยทั่วไป,จุดพัก ใต้บันได ATM,253.0,นายชาตรี  สังข์สมศักดิ์
2026-05-05,16:00:00,มูลฝอยทั่วไป,บ้านพักเจ้าหน้าที่ แฟลตปลางทอง,32.0,นายชาตรี  สังข์สมศักดิ์
2026-05-05,16:00:00,มูลฝอยทั่วไป,บ้านพักเจ้าหน้าที่ แฟลตเก่า,33.0,นายชาตรี  สังข์สมศักดิ์
2026-05-05,16:00:00,มูลฝอยทั่วไป,บ้านพักเจ้าหน้าที่ แฟลต 48 ยูนิต,46.0,นายชาตรี  สังข์สมศักดิ์
2026-05-05,16:00:00,มูลฝอยทั่วไป,บ้านพักเจ้าหน้าที่ แฟลตม่านฟ้า,32.0,นายชาตรี  สังข์สมศักดิ์
2026-05-05,16:00:00,มูลฝอยทั่วไป,หน่วยงานยานพาหนะ,28.0,นายชาตรี  สังข์สมศักดิ์
2026-05-05,16:00:00,มูลฝอยทั่วไป,จุดรับส่งพัสดุ เอกชน,38.0,นายชาตรี  สังข์สมศักดิ์
2026-05-05,16:00:00,มูลฝอยอินทรีย์,งานโภชนาการ,25.0,นายชาตรี  สังข์สมศักดิ์
2026-05-05,16:00:00,มูลฝอยทั่วไป,งานอื่นๆ,235.0,นายชาตรี  สังข์สมศักดิ์
2026-05-06,16:20:00,มูลฝอยทั่วไป,บ้านพักเจ้าหน้าที่ หน้าห้องซ่อมบำรุง,173.0,นายเจต  ทองแก้ว
2026-05-06,16:20:00,มูลฝอยทั่วไป,จุดพัก ใต้บันได ATM,154.0,นายเจต  ทองแก้ว
2026-05-06,16:20:00,มูลฝอยทั่วไป,บ้านพักเจ้าหน้าที่ แฟลต 48 ยูนิต,32.0,นายเจต  ทองแก้ว
2026-05-06,16:20:00,มูลฝอยทั่วไป,หน่วยงานยานพาหนะ,36.0,นายเจต  ทองแก้ว
2026-05-06,16:20:00,มูลฝอยอินทรีย์,งานโภชนาการ,18.0,นายเจต  ทองแก้ว
2026-05-07,16:30:00,มูลฝอยทั่วไป,บ้านพักเจ้าหน้าที่ หน้าห้องซ่อมบำรุง,164.0,นายเจต  ทองแก้ว
2026-05-07,16:30:00,มูลฝอยทั่วไป,จุดพัก ใต้บันได ATM,127.0,นายเจต  ทองแก้ว
2026-05-07,16:30:00,มูลฝอยทั่วไป,บ้านพักเจ้าหน้าที่ แฟลตปลางทอง,31.0,นายเจต  ทองแก้ว
2026-05-07,16:30:00,มูลฝอยทั่วไป,บ้านพักเจ้าหน้าที่ แฟลตเก่า,30.0,นายเจต  ทองแก้ว
2026-05-07,16:30:00,มูลฝอยทั่วไป,จุดรับส่งพัสดุ เอกชน,45.0,นายเจต  ทองแก้ว
2026-05-07,16:30:00,มูลฝอยอินทรีย์,งานโภชนาการ,24.0,นายเจต  ทองแก้ว
2026-05-08,16:30:00,มูลฝอยทั่วไป,บ้านพักเจ้าหน้าที่ หน้าห้องซ่อมบำรุง,176.0,นายเจต  ทองแก้ว
2026-05-08,16:30:00,มูลฝอยทั่วไป,จุดพัก ใต้บันได ATM,154.0,นายเจต  ทองแก้ว
2026-05-08,16:30:00,มูลฝอยทั่วไป,บ้านพักเจ้าหน้าที่ แฟลต 48 ยูนิต,41.0,นายเจต  ทองแก้ว
2026-05-08,16:30:00,มูลฝอยอินทรีย์,งานโภชนาการ,23.0,นายเจต  ทองแก้ว
2026-05-09,16:00:00,มูลฝอยทั่วไป,บ้านพักเจ้าหน้าที่ หน้าห้องซ่อมบำรุง,32.0,นายชาตรี  สังข์สมศักดิ์
2026-05-09,16:00:00,มูลฝอยทั่วไป,จุดพัก ใต้บันได ATM,75.0,นายชาตรี  สังข์สมศักดิ์
2026-05-09,16:00:00,มูลฝอยทั่วไป,บ้านพักเจ้าหน้าที่ แฟลตปลางทอง,21.0,นายชาตรี  สังข์สมศักดิ์
2026-05-09,16:00:00,มูลฝอยทั่วไป,บ้านพักเจ้าหน้าที่ แฟลตเก่า,32.0,นายชาตรี  สังข์สมศักดิ์
2026-05-09,16:00:00,มูลฝอยทั่วไป,บ้านพักเจ้าหน้าที่ แฟลต 48 ยูนิต,23.0,นายชาตรี  สังข์สมศักดิ์
2026-05-09,16:00:00,มูลฝอยทั่วไป,บ้านพักเจ้าหน้าที่ แฟลตม่านฟ้า,28.0,นายชาตรี  สังข์สมศักดิ์
2026-05-09,16:00:00,มูลฝอยทั่วไป,จุดรับส่งพัสดุ เอกชน,26.0,นายชาตรี  สังข์สมศักดิ์
2026-05-09,16:00:00,มูลฝอยอินทรีย์,งานโภชนาการ,21.0,นายชาตรี  สังข์สมศักดิ์
2026-05-10,16:00:00,มูลฝอยทั่วไป,บ้านพักเจ้าหน้าที่ หน้าห้องซ่อมบำรุง,23.0,นายชาตรี  สังข์สมศักดิ์
2026-05-10,16:00:00,มูลฝอยทั่วไป,จุดพัก ใต้บันได ATM,71.0,นายชาตรี  สังข์สมศักดิ์
2026-05-10,16:00:00,มูลฝอยทั่วไป,บ้านพักเจ้าหน้าที่ แฟลตเก่า,25.0,นายชาตรี  สังข์สมศักดิ์
2026-05-10,16:00:00,มูลฝอยทั่วไป,บ้านพักเจ้าหน้าที่ แฟลตม่านฟ้า,26.0,นายชาตรี  สังข์สมศักดิ์
2026-05-10,16:00:00,มูลฝอยทั่วไป,หน่วยงานยานพาหนะ,21.0,นายชาตรี  สังข์สมศักดิ์
2026-05-10,16:00:00,มูลฝอยอินทรีย์,งานโภชนาการ,23.0,นายชาตรี  สังข์สมศักดิ์
2026-05-11,10:45:00,มูลฝอยรีไซเคิล,กระดาษกล่อง,20.0,นางวรีย์ คำผง
2026-05-11,10:45:00,มูลฝอยรีไซเคิล,เศษกระดาษ จับจ๊๊ว,10.0,นางวรีย์ คำผง
2026-05-11,16:30:00,มูลฝอยทั่วไป,บ้านพักเจ้าหน้าที่ หน้าห้องซ่อมบำรุง,164.0,นายเจต  ทองแก้ว
2026-05-11,16:30:00,มูลฝอยทั่วไป,จุดพัก ใต้บันได ATM,159.0,นายเจต  ทองแก้ว
2026-05-11,16:30:00,มูลฝอยทั่วไป,บ้านพักเจ้าหน้าที่ แฟลต 48 ยูนิต,28.0,นายเจต  ทองแก้ว
2026-05-11,16:30:00,มูลฝอยอินทรีย์,งานโภชนาการ,26.0,นายเจต  ทองแก้ว
2026-05-12,16:30:00,มูลฝอยทั่วไป,บ้านพักเจ้าหน้าที่ หน้าห้องซ่อมบำรุง,169.0,นายเจต  ทองแก้ว
2026-05-12,16:30:00,มูลฝอยทั่วไป,จุดพัก ใต้บันได ATM,148.0,นายเจต  ทองแก้ว
2026-05-12,16:30:00,มูลฝอยทั่วไป,บ้านพักเจ้าหน้าที่ แฟลตปลางทอง,32.0,นายเจต  ทองแก้ว
2026-05-12,16:30:00,มูลฝอยอินทรีย์,งานโภชนาการ,41.0,นายเจต  ทองแก้ว
2026-05-13,16:30:00,มูลฝอยทั่วไป,บ้านพักเจ้าหน้าที่ หน้าห้องซ่อมบำรุง,143.0,นายเจต  ทองแก้ว
2026-05-13,16:30:00,มูลฝอยทั่วไป,จุดพัก ใต้บันได ATM,122.0,นายเจต  ทองแก้ว
2026-05-13,16:30:00,มูลฝอยทั่วไป,บ้านพักเจ้าหน้าที่ แฟลต 48 ยูนิต,32.0,นายเจต  ทองแก้ว
2026-05-13,16:30:00,มูลฝอยทั่วไป,หน่วยงานยานพาหนะ,36.0,นายเจต  ทองแก้ว
2026-05-13,16:30:00,มูลฝอยทั่วไป,จุดรับส่งพัสดุ เอกชน,31.0,นายเจต  ทองแก้ว
2026-05-13,16:30:00,มูลฝอยอินทรีย์,งานโภชนาการ,17.0,นายเจต  ทองแก้ว
2026-05-14,16:30:00,มูลฝอยทั่วไป,บ้านพักเจ้าหน้าที่ หน้าห้องซ่อมบำรุง,164.0,นายเจต  ทองแก้ว
2026-05-14,16:30:00,มูลฝอยทั่วไป,จุดพัก ใต้บันได ATM,148.0,นายเจต  ทองแก้ว
2026-05-14,16:30:00,มูลฝอยทั่วไป,บ้านพักเจ้าหน้าที่ แฟลตเก่า,36.0,นายเจต  ทองแก้ว
2026-05-14,16:30:00,มูลฝอยทั่วไป,บ้านพักเจ้าหน้าที่ แฟลต 48 ยูนิต,30.0,นายเจต  ทองแก้ว
2026-05-14,16:30:00,มูลฝอยทั่วไป,บ้านพักเจ้าหน้าที่ แฟลตม่านฟ้า,40.0,นายเจต  ทองแก้ว
2026-05-14,16:30:00,มูลฝอยทั่วไป,จุดรับส่งพัสดุ เอกชน,32.0,นายเจต  ทองแก้ว
2026-05-14,16:30:00,มูลฝอยอินทรีย์,งานโภชนาการ,20.0,นายเจต  ทองแก้ว
2026-05-14,16:30:00,มูลฝอยอันตราย,จุดพัก ATM,72.0,นายเจต  ทองแก้ว
2026-05-16,16:03:00,มูลฝอยอันตราย,จุดพัก OPD อาคาร 3 ชั้น,84.0,นายเจต  ทองแก้ว
2026-05-16,16:30:00,มูลฝอยทั่วไป,บ้านพักเจ้าหน้าที่ หน้าห้องซ่อมบำรุง,164.0,นายเจต  ทองแก้ว
2026-05-16,16:30:00,มูลฝอยทั่วไป,จุดพัก ใต้บันได ATM,132.0,นายเจต  ทองแก้ว
2026-05-16,16:30:00,มูลฝอยทั่วไป,บ้านพักเจ้าหน้าที่ แฟลตเก่า,31.0,นายเจต  ทองแก้ว
2026-05-16,16:30:00,มูลฝอยทั่วไป,บ้านพักเจ้าหน้าที่ แฟลต 48 ยูนิต,30.0,นายเจต  ทองแก้ว
2026-05-16,16:30:00,มูลฝอยทั่วไป,จุดรับส่งพัสดุ เอกชน,46.0,นายเจต  ทองแก้ว
2026-05-16,16:30:00,มูลฝอยอินทรีย์,งานโภชนาการ,20.0,นายเจต  ทองแก้ว
2026-05-17,16:00:00,มูลฝอยทั่วไป,บ้านพักเจ้าหน้าที่ หน้าห้องซ่อมบำรุง,35.0,นายชาตรี  สังข์สมศักดิ์
2026-05-17,16:00:00,มูลฝอยทั่วไป,จุดพัก ใต้บันได ATM,96.0,นายชาตรี  สังข์สมศักดิ์
2026-05-17,16:00:00,มูลฝอยทั่วไป,บ้านพักเจ้าหน้าที่ แฟลตปลางทอง,36.0,นายชาตรี  สังข์สมศักดิ์
2026-05-17,16:00:00,มูลฝอยทั่วไป,บ้านพักเจ้าหน้าที่ แฟลตเก่า,34.0,นายชาตรี  สังข์สมศักดิ์
2026-05-17,16:00:00,มูลฝอยทั่วไป,บ้านพักเจ้าหน้าที่ แฟลต 48 ยูนิต,29.0,นายชาตรี  สังข์สมศักดิ์
2026-05-17,16:00:00,มูลฝอยทั่วไป,หน่วยงานยานพาหนะ,28.0,นายชาตรี  สังข์สมศักดิ์
2026-05-17,16:00:00,มูลฝอยทั่วไป,จุดรับส่งพัสดุ เอกชน,38.0,นายชาตรี  สังข์สมศักดิ์
2026-05-17,16:00:00,มูลฝอยอินทรีย์,งานโภชนาการ,26.0,นายชาตรี  สังข์สมศักดิ์
2026-05-18,15:45:00,มูลฝอยรีไซเคิล,กระดาษกล่อง,30.0,นางวรีย์ คำผง
2026-05-18,15:45:00,มูลฝอยรีไซเคิล,เศษกระดาษ จับจ๊๊ว,15.0,นางวรีย์ คำผง
2026-05-20,15:55:00,มูลฝอยทั่วไป,บ้านพักเจ้าหน้าที่ หน้าห้องซ่อมบำรุง,164.0,นายเจต  ทองแก้ว
2026-05-20,15:55:00,มูลฝอยทั่วไป,จุดพัก ใต้บันได ATM,171.0,นายเจต  ทองแก้ว
2026-05-20,15:55:00,มูลฝอยทั่วไป,บ้านพักเจ้าหน้าที่ แฟลตเก่า,34.0,นายเจต  ทองแก้ว
2026-05-20,15:55:00,มูลฝอยทั่วไป,บ้านพักเจ้าหน้าที่ แฟลต 48 ยูนิต,41.0,นายเจต  ทองแก้ว
2026-05-20,15:55:00,มูลฝอยทั่วไป,บ้านพักเจ้าหน้าที่ แฟลตม่านฟ้า,41.0,นายเจต  ทองแก้ว
2026-05-20,15:55:00,มูลฝอยทั่วไป,จุดรับส่งพัสดุ เอกชน,43.0,นายเจต  ทองแก้ว
2026-05-20,15:55:00,มูลฝอยอินทรีย์,งานโภชนาการ,19.0,นายเจต  ทองแก้ว
2026-05-21,14:00:00,มูลฝอยรีไซเคิล,กระดาษกล่อง,5.0,นางวรีย์ คำผง
2026-05-21,14:00:00,มูลฝอยรีไซเคิล,เศษกระดาษ จับจ๊๊ว,25.0,นางวรีย์ คำผง
2026-05-21,16:30:00,มูลฝอยทั่วไป,บ้านพักเจ้าหน้าที่ หน้าห้องซ่อมบำรุง,163.0,นายเจต  ทองแก้ว
2026-05-21,16:30:00,มูลฝอยทั่วไป,จุดพัก ใต้บันได ATM,153.0,นายเจต  ทองแก้ว
2026-05-21,16:30:00,มูลฝอยทั่วไป,บ้านพักเจ้าหน้าที่ แฟลตปลางทอง,35.0,นายเจต  ทองแก้ว
2026-05-21,16:30:00,มูลฝอยอินทรีย์,งานโภชนาการ,21.0,นายเจต  ทองแก้ว
2026-05-24,16:30:00,มูลฝอยทั่วไป,บ้านพักเจ้าหน้าที่ หน้าห้องซ่อมบำรุง,132.0,นายเจต  ทองแก้ว
2026-05-24,16:30:00,มูลฝอยทั่วไป,จุดพัก ใต้บันได ATM,141.0,นายเจต  ทองแก้ว
2026-05-24,16:30:00,มูลฝอยทั่วไป,บ้านพักเจ้าหน้าที่ แฟลต 48 ยูนิต,29.0,นายเจต  ทองแก้ว
2026-05-24,16:30:00,มูลฝอยทั่วไป,บ้านพักเจ้าหน้าที่ แฟลตม่านฟ้า,38.0,นายเจต  ทองแก้ว
2026-05-24,16:30:00,มูลฝอยอินทรีย์,งานโภชนาการ,21.0,นายเจต  ทองแก้ว
2026-05-25,16:30:00,มูลฝอยทั่วไป,บ้านพักเจ้าหน้าที่ หน้าห้องซ่อมบำรุง,121.0,นายเจต  ทองแก้ว
2026-05-25,16:30:00,มูลฝอยทั่วไป,จุดพัก ใต้บันได ATM,134.0,นายเจต  ทองแก้ว
2026-05-25,16:30:00,มูลฝอยอินทรีย์,งานโภชนาการ,19.0,นายเจต  ทองแก้ว
2026-05-26,16:30:00,มูลฝอยทั่วไป,บ้านพักเจ้าหน้าที่ หน้าห้องซ่อมบำรุง,164.0,นายเจต  ทองแก้ว
2026-05-26,16:30:00,มูลฝอยทั่วไป,จุดพัก ใต้บันได ATM,143.0,นายเจต  ทองแก้ว
2026-05-26,16:30:00,มูลฝอยทั่วไป,บ้านพักเจ้าหน้าที่ แฟลตปลางทอง,41.0,นายเจต  ทองแก้ว
2026-05-26,16:30:00,มูลฝอยทั่วไป,บ้านพักเจ้าหน้าที่ แฟลต 48 ยูนิต,56.0,นายเจต  ทองแก้ว
2026-05-26,16:30:00,มูลฝอยทั่วไป,หน่วยงานยานพาหนะ,36.0,นายเจต  ทองแก้ว
2026-05-26,16:30:00,มูลฝอยทั่วไป,จุดรับส่งพัสดุ เอกชน,42.0,นายเจต  ทองแก้ว
2026-05-26,16:30:00,มูลฝอยอินทรีย์,งานโภชนาการ,19.0,นายเจต  ทองแก้ว
2026-05-27,16:30:00,มูลฝอยทั่วไป,บ้านพักเจ้าหน้าที่ หน้าห้องซ่อมบำรุง,152.0,นายเจต  ทองแก้ว
2026-05-27,16:30:00,มูลฝอยทั่วไป,จุดพัก ใต้บันได ATM,154.0,นายเจต  ทองแก้ว
2026-05-27,16:30:00,มูลฝอยทั่วไป,บ้านพักเจ้าหน้าที่ แฟลตเก่า,30.0,นายเจต  ทองแก้ว
2026-05-27,16:30:00,มูลฝอยอินทรีย์,งานโภชนาการ,54.0,นายเจต  ทองแก้ว
2026-05-29,16:30:00,มูลฝอยทั่วไป,บ้านพักเจ้าหน้าที่ หน้าห้องซ่อมบำรุง,165.0,นายเจต  ทองแก้ว
2026-05-29,16:30:00,มูลฝอยทั่วไป,จุดพัก ใต้บันได ATM,157.0,นายเจต  ทองแก้ว
2026-05-29,16:30:00,มูลฝอยทั่วไป,บ้านพักเจ้าหน้าที่ แฟลตเก่า,41.0,นายเจต  ทองแก้ว
2026-05-29,16:30:00,มูลฝอยทั่วไป,บ้านพักเจ้าหน้าที่ แฟลต 48 ยูนิต,42.0,นายเจต  ทองแก้ว
2026-05-29,16:30:00,มูลฝอยอินทรีย์,งานโภชนาการ,21.0,นายเจต  ทองแก้ว
2026-05-30,16:30:00,มูลฝอยทั่วไป,บ้านพักเจ้าหน้าที่ หน้าห้องซ่อมบำรุง,153.0,นายเจต  ทองแก้ว
2026-05-30,16:30:00,มูลฝอยทั่วไป,จุดพัก ใต้บันได ATM,147.0,นายเจต  ทองแก้ว
2026-05-30,16:30:00,มูลฝอยทั่วไป,บ้านพักเจ้าหน้าที่ แฟลต 48 ยูนิต,38.0,นายเจต  ทองแก้ว
2026-05-30,16:30:00,มูลฝอยอินทรีย์,งานโภชนาการ,19.0,นายเจต  ทองแก้ว
2026-05-31,16:30:00,มูลฝอยทั่วไป,บ้านพักเจ้าหน้าที่ หน้าห้องซ่อมบำรุง,124.0,นายเจต  ทองแก้ว
2026-05-31,16:30:00,มูลฝอยทั่วไป,จุดพัก ใต้บันได ATM,119.0,นายเจต  ทองแก้ว
2026-05-31,16:30:00,มูลฝอยอินทรีย์,งานโภชนาการ,21.0,นายเจต  ทองแก้ว
2026-06-02,16:30:00,มูลฝอยทั่วไป,บ้านพักเจ้าหน้าที่ หน้าห้องซ่อมบำรุง,176.0,นายเจต  ทองแก้ว
2026-06-02,16:30:00,มูลฝอยทั่วไป,จุดพัก ใต้บันได ATM,146.0,นายเจต  ทองแก้ว
2026-06-02,16:30:00,มูลฝอยทั่วไป,บ้านพักเจ้าหน้าที่ แฟลตปลางทอง,30.0,นายเจต  ทองแก้ว
2026-06-02,16:30:00,มูลฝอยทั่วไป,บ้านพักเจ้าหน้าที่ แฟลต 48 ยูนิต,38.0,นายเจต  ทองแก้ว
2026-06-02,16:30:00,มูลฝอยทั่วไป,จุดรับส่งพัสดุ เอกชน,51.0,นายเจต  ทองแก้ว
2026-06-02,16:30:00,มูลฝอยอินทรีย์,งานโภชนาการ,19.0,นายเจต  ทองแก้ว
2026-06-04,16:30:00,มูลฝอยทั่วไป,บ้านพักเจ้าหน้าที่ หน้าห้องซ่อมบำรุง,157.0,นายเจต  ทองแก้ว
2026-06-04,16:30:00,มูลฝอยทั่วไป,จุดพัก ใต้บันได ATM,148.0,นายเจต  ทองแก้ว
2026-06-04,16:30:00,มูลฝอยทั่วไป,หน่วยงานยานพาหนะ,36.0,นายเจต  ทองแก้ว
2026-06-04,16:30:00,มูลฝอยอินทรีย์,งานโภชนาการ,21.0,นายเจต  ทองแก้ว
2026-06-05,16:30:00,มูลฝอยทั่วไป,บ้านพักเจ้าหน้าที่ หน้าห้องซ่อมบำรุง,153.0,นายเจต  ทองแก้ว
2026-06-05,16:30:00,มูลฝอยทั่วไป,จุดพัก ใต้บันได ATM,157.0,นายเจต  ทองแก้ว
2026-06-05,16:30:00,มูลฝอยทั่วไป,บ้านพักเจ้าหน้าที่ แฟลตปลางทอง,39.0,นายเจต  ทองแก้ว
2026-06-05,16:30:00,มูลฝอยทั่วไป,บ้านพักเจ้าหน้าที่ แฟลต 48 ยูนิต,38.0,นายเจต  ทองแก้ว
2026-06-05,16:30:00,มูลฝอยทั่วไป,จุดรับส่งพัสดุ เอกชน,47.0,นายเจต  ทองแก้ว
2026-06-05,16:30:00,มูลฝอยอินทรีย์,งานโภชนาการ,20.0,นายเจต  ทองแก้ว
2026-06-06,16:30:00,มูลฝอยทั่วไป,บ้านพักเจ้าหน้าที่ หน้าห้องซ่อมบำรุง,148.0,นายเจต  ทองแก้ว
2026-06-06,16:30:00,มูลฝอยทั่วไป,จุดพัก ใต้บันได ATM,172.0,นายเจต  ทองแก้ว
2026-06-06,16:30:00,มูลฝอยทั่วไป,บ้านพักเจ้าหน้าที่ แฟลตเก่า,36.0,นายเจต  ทองแก้ว
2026-06-06,16:30:00,มูลฝอยทั่วไป,บ้านพักเจ้าหน้าที่ แฟลต 48 ยูนิต,42.0,นายเจต  ทองแก้ว
2026-06-06,16:30:00,มูลฝอยทั่วไป,บ้านพักเจ้าหน้าที่ แฟลตม่านฟ้า,47.0,นายเจต  ทองแก้ว
2026-06-06,16:30:00,มูลฝอยอินทรีย์,งานโภชนาการ,19.0,นายเจต  ทองแก้ว
2026-06-06,16:30:00,มูลฝอยอันตราย,จุดพัก OPD อาคาร 3 ชั้น,75.0,นายเจต  ทองแก้ว
2026-06-08,15:45:00,มูลฝอยรีไซเคิล,กระดาษกล่อง,4.0,นางวรีย์ คำผง
2026-06-08,15:45:00,มูลฝอยรีไซเคิล,เศษกระดาษ จับจ๊๊ว,20.0,นางวรีย์ คำผง
2026-06-08,16:00:00,มูลฝอยทั่วไป,บ้านพักเจ้าหน้าที่ หน้าห้องซ่อมบำรุง,30.0,นายชาตรี  สังข์สมศักดิ์
2026-06-08,16:00:00,มูลฝอยทั่วไป,จุดพัก ใต้บันได ATM,150.0,นายชาตรี  สังข์สมศักดิ์
2026-06-08,16:00:00,มูลฝอยทั่วไป,บ้านพักเจ้าหน้าที่ แฟลตปลางทอง,45.0,นายชาตรี  สังข์สมศักดิ์
2026-06-08,16:00:00,มูลฝอยทั่วไป,บ้านพักเจ้าหน้าที่ แฟลตเก่า,26.0,นายชาตรี  สังข์สมศักดิ์
2026-06-08,16:00:00,มูลฝอยทั่วไป,บ้านพักเจ้าหน้าที่ แฟลต 48 ยูนิต,32.0,นายชาตรี  สังข์สมศักดิ์
2026-06-08,16:00:00,มูลฝอยทั่วไป,บ้านพักเจ้าหน้าที่ แฟลตม่านฟ้า,23.0,นายชาตรี  สังข์สมศักดิ์
2026-06-08,16:00:00,มูลฝอยทั่วไป,จุดรับส่งพัสดุ เอกชน,62.0,นายชาตรี  สังข์สมศักดิ์
2026-06-08,16:00:00,มูลฝอยอินทรีย์,งานโภชนาการ,30.0,นายชาตรี  สังข์สมศักดิ์
2026-06-09,16:30:00,มูลฝอยทั่วไป,บ้านพักเจ้าหน้าที่ หน้าห้องซ่อมบำรุง,164.0,นายเจต  ทองแก้ว
2026-06-09,16:30:00,มูลฝอยทั่วไป,จุดพัก ใต้บันได ATM,172.0,นายเจต  ทองแก้ว
2026-06-09,16:30:00,มูลฝอยทั่วไป,บ้านพักเจ้าหน้าที่ แฟลตเก่า,37.0,นายเจต  ทองแก้ว
2026-06-09,16:30:00,มูลฝอยทั่วไป,บ้านพักเจ้าหน้าที่ แฟลต 48 ยูนิต,53.0,นายเจต  ทองแก้ว
2026-06-09,16:30:00,มูลฝอยอินทรีย์,งานโภชนาการ,19.0,นายเจต  ทองแก้ว
2026-06-13,16:30:00,มูลฝอยทั่วไป,บ้านพักเจ้าหน้าที่ หน้าห้องซ่อมบำรุง,155.0,นายเจต  ทองแก้ว
2026-06-13,16:30:00,มูลฝอยทั่วไป,จุดพัก ใต้บันได ATM,172.0,นายเจต  ทองแก้ว
2026-06-13,16:30:00,มูลฝอยทั่วไป,บ้านพักเจ้าหน้าที่ แฟลตเก่า,36.0,นายเจต  ทองแก้ว
2026-06-13,16:30:00,มูลฝอยทั่วไป,บ้านพักเจ้าหน้าที่ แฟลต 48 ยูนิต,34.0,นายเจต  ทองแก้ว
2026-06-13,16:30:00,มูลฝอยอินทรีย์,งานโภชนาการ,19.0,นายเจต  ทองแก้ว
2026-06-14,16:30:00,มูลฝอยทั่วไป,บ้านพักเจ้าหน้าที่ หน้าห้องซ่อมบำรุง,134.0,นายเจต  ทองแก้ว
2026-06-14,16:30:00,มูลฝอยทั่วไป,จุดพัก ใต้บันได ATM,152.0,นายเจต  ทองแก้ว
2026-06-14,16:30:00,มูลฝอยทั่วไป,บ้านพักเจ้าหน้าที่ แฟลตม่านฟ้า,32.0,นายเจต  ทองแก้ว
2026-06-14,16:30:00,มูลฝอยทั่วไป,จุดรับส่งพัสดุ เอกชน,43.0,นายเจต  ทองแก้ว
2026-06-14,16:30:00,มูลฝอยอินทรีย์,งานโภชนาการ,24.0,นายเจต  ทองแก้ว
2026-06-15,16:30:00,มูลฝอยทั่วไป,บ้านพักเจ้าหน้าที่ หน้าห้องซ่อมบำรุง,153.0,นายเจต  ทองแก้ว
2026-06-15,16:30:00,มูลฝอยทั่วไป,จุดพัก ใต้บันได ATM,148.0,นายเจต  ทองแก้ว
2026-06-15,16:30:00,มูลฝอยอินทรีย์,งานโภชนาการ,20.0,นายเจต  ทองแก้ว
2026-06-16,16:30:00,มูลฝอยทั่วไป,บ้านพักเจ้าหน้าที่ หน้าห้องซ่อมบำรุง,164.0,นายเจต  ทองแก้ว
2026-06-16,16:30:00,มูลฝอยทั่วไป,จุดพัก ใต้บันได ATM,168.0,นายเจต  ทองแก้ว
2026-06-16,16:30:00,มูลฝอยทั่วไป,บ้านพักเจ้าหน้าที่ แฟลตปลางทอง,36.0,นายเจต  ทองแก้ว
2026-06-16,16:30:00,มูลฝอยทั่วไป,บ้านพักเจ้าหน้าที่ แฟลตเก่า,38.0,นายเจต  ทองแก้ว
2026-06-16,16:30:00,มูลฝอยทั่วไป,บ้านพักเจ้าหน้าที่ แฟลต 48 ยูนิต,36.0,นายเจต  ทองแก้ว
2026-06-16,16:30:00,มูลฝอยทั่วไป,จุดรับส่งพัสดุ เอกชน,43.0,นายเจต  ทองแก้ว
2026-06-16,16:30:00,มูลฝอยอินทรีย์,งานโภชนาการ,19.0,นายเจต  ทองแก้ว
2026-06-17,16:30:00,มูลฝอยทั่วไป,บ้านพักเจ้าหน้าที่ หน้าห้องซ่อมบำรุง,114.0,นายเจต  ทองแก้ว
2026-06-17,16:30:00,มูลฝอยทั่วไป,จุดพัก ใต้บันได ATM,148.0,นายเจต  ทองแก้ว
2026-06-17,16:30:00,มูลฝอยทั่วไป,จุดรับส่งพัสดุ เอกชน,43.0,นายเจต  ทองแก้ว
2026-06-17,16:30:00,มูลฝอยอินทรีย์,งานโภชนาการ,17.0,นายเจต  ทองแก้ว
2026-06-17,16:30:00,มูลฝอยอันตราย,จุดพัก ATM,41.0,นายเจต  ทองแก้ว
2026-06-17,16:30:00,มูลฝอยอันตราย,หน่วยงานจ่ายกลาง,4.0,นายเจต  ทองแก้ว
2026-06-19,16:30:00,มูลฝอยทั่วไป,บ้านพักเจ้าหน้าที่ หน้าห้องซ่อมบำรุง,168.0,นายเจต  ทองแก้ว
2026-06-19,16:30:00,มูลฝอยทั่วไป,จุดพัก ใต้บันได ATM,172.0,นายเจต  ทองแก้ว
2026-06-19,16:30:00,มูลฝอยทั่วไป,บ้านพักเจ้าหน้าที่ แฟลตเก่า,37.0,นายเจต  ทองแก้ว
2026-06-19,16:30:00,มูลฝอยทั่วไป,บ้านพักเจ้าหน้าที่ แฟลต 48 ยูนิต,30.0,นายเจต  ทองแก้ว
2026-06-19,16:30:00,มูลฝอยทั่วไป,บ้านพักเจ้าหน้าที่ แฟลตม่านฟ้า,39.0,นายเจต  ทองแก้ว
2026-06-19,16:30:00,มูลฝอยอินทรีย์,งานโภชนาการ,21.0,นายเจต  ทองแก้ว
2026-06-20,15:30:00,มูลฝอยรีไซเคิล,กระดาษกล่อง,40.0,นางวรีย์ คำผง
2026-06-20,15:30:00,มูลฝอยรีไซเคิล,เศษกระดาษ จับจ๊๊ว,30.0,นางวรีย์ คำผง
2026-06-20,16:30:00,มูลฝอยทั่วไป,บ้านพักเจ้าหน้าที่ หน้าห้องซ่อมบำรุง,121.0,นายเจต  ทองแก้ว
2026-06-20,16:30:00,มูลฝอยทั่วไป,จุดพัก ใต้บันได ATM,129.0,นายเจต  ทองแก้ว
2026-06-20,16:30:00,มูลฝอยอินทรีย์,งานโภชนาการ,22.0,นายเจต  ทองแก้ว
2026-06-21,16:00:00,มูลฝอยทั่วไป,บ้านพักเจ้าหน้าที่ หน้าห้องซ่อมบำรุง,30.0,นายชาตรี  สังข์สมศักดิ์
2026-06-21,16:00:00,มูลฝอยทั่วไป,จุดพัก ใต้บันได ATM,68.0,นายชาตรี  สังข์สมศักดิ์
2026-06-21,16:00:00,มูลฝอยทั่วไป,บ้านพักเจ้าหน้าที่ แฟลตปลางทอง,32.0,นายชาตรี  สังข์สมศักดิ์
2026-06-21,16:00:00,มูลฝอยทั่วไป,บ้านพักเจ้าหน้าที่ แฟลตเก่า,36.0,นายชาตรี  สังข์สมศักดิ์
2026-06-21,16:00:00,มูลฝอยทั่วไป,บ้านพักเจ้าหน้าที่ แฟลต 48 ยูนิต,26.0,นายชาตรี  สังข์สมศักดิ์
2026-06-21,16:00:00,มูลฝอยทั่วไป,บ้านพักเจ้าหน้าที่ แฟลตม่านฟ้า,25.0,นายชาตรี  สังข์สมศักดิ์
2026-06-21,16:00:00,มูลฝอยทั่วไป,จุดรับส่งพัสดุ เอกชน,48.0,นายชาตรี  สังข์สมศักดิ์
2026-06-21,16:00:00,มูลฝอยอินทรีย์,งานโภชนาการ,23.0,นายชาตรี  สังข์สมศักดิ์
2026-06-24,16:30:00,มูลฝอยทั่วไป,บ้านพักเจ้าหน้าที่ หน้าห้องซ่อมบำรุง,168.0,นายเจต  ทองแก้ว
2026-06-24,16:30:00,มูลฝอยทั่วไป,จุดพัก ใต้บันได ATM,164.0,นายเจต  ทองแก้ว
2026-06-24,16:30:00,มูลฝอยทั่วไป,บ้านพักเจ้าหน้าที่ แฟลตเก่า,38.0,นายเจต  ทองแก้ว
2026-06-24,16:30:00,มูลฝอยทั่วไป,บ้านพักเจ้าหน้าที่ แฟลต 48 ยูนิต,30.0,นายเจต  ทองแก้ว
2026-06-24,16:30:00,มูลฝอยอินทรีย์,งานโภชนาการ,21.0,นายเจต  ทองแก้ว
2026-06-27,16:30:00,มูลฝอยทั่วไป,บ้านพักเจ้าหน้าที่ หน้าห้องซ่อมบำรุง,168.0,นายเจต  ทองแก้ว
2026-06-27,16:30:00,มูลฝอยทั่วไป,จุดพัก ใต้บันได ATM,154.0,นายเจต  ทองแก้ว
2026-06-27,16:30:00,มูลฝอยทั่วไป,บ้านพักเจ้าหน้าที่ แฟลตเก่า,40.0,นายเจต  ทองแก้ว
2026-06-27,16:30:00,มูลฝอยอินทรีย์,งานโภชนาการ,19.0,นายเจต  ทองแก้ว
2026-06-28,16:30:00,มูลฝอยทั่วไป,บ้านพักเจ้าหน้าที่ หน้าห้องซ่อมบำรุง,143.0,นายเจต  ทองแก้ว
2026-06-28,16:30:00,มูลฝอยทั่วไป,จุดพัก ใต้บันได ATM,136.0,นายเจต  ทองแก้ว
2026-06-28,16:30:00,มูลฝอยทั่วไป,บ้านพักเจ้าหน้าที่ แฟลต 48 ยูนิต,36.0,นายเจต  ทองแก้ว
2026-06-28,16:30:00,มูลฝอยอินทรีย์,งานโภชนาการ,18.0,นายเจต  ทองแก้ว
2026-06-28,16:30:00,มูลฝอยอันตราย,จุดพัก OPD อาคาร 3 ชั้น,112.0,นายเจต  ทองแก้ว
2026-06-30,16:30:00,มูลฝอยทั่วไป,บ้านพักเจ้าหน้าที่ หน้าห้องซ่อมบำรุง,174.0,นายเจต  ทองแก้ว
2026-06-30,16:30:00,มูลฝอยทั่วไป,จุดพัก ใต้บันได ATM,153.0,นายเจต  ทองแก้ว
2026-06-30,16:30:00,มูลฝอยทั่วไป,บ้านพักเจ้าหน้าที่ แฟลตปลางทอง,36.0,นายเจต  ทองแก้ว
2026-06-30,16:30:00,มูลฝอยทั่วไป,บ้านพักเจ้าหน้าที่ แฟลตเก่า,30.0,นายเจต  ทองแก้ว
2026-06-30,16:30:00,มูลฝอยทั่วไป,จุดรับส่งพัสดุ เอกชน,40.0,นายเจต  ทองแก้ว
2026-06-30,16:30:00,มูลฝอยอินทรีย์,งานโภชนาการ,21.0,นายเจต  ทองแก้ว
2026-07-01,16:30:00,มูลฝอยทั่วไป,บ้านพักเจ้าหน้าที่ หน้าห้องซ่อมบำรุง,164.0,นายเจต  ทองแก้ว
2026-07-01,16:30:00,มูลฝอยทั่วไป,จุดพัก ใต้บันได ATM,174.0,นายเจต  ทองแก้ว
2026-07-01,16:30:00,มูลฝอยทั่วไป,บ้านพักเจ้าหน้าที่ แฟลต 48 ยูนิต,42.0,นายเจต  ทองแก้ว
2026-07-01,16:30:00,มูลฝอยอินทรีย์,งานโภชนาการ,19.0,นายเจต  ทองแก้ว
2026-07-04,16:30:00,มูลฝอยทั่วไป,บ้านพักเจ้าหน้าที่ หน้าห้องซ่อมบำรุง,164.0,นายเจต  ทองแก้ว
2026-07-04,16:30:00,มูลฝอยทั่วไป,จุดพัก ใต้บันได ATM,151.0,นายเจต  ทองแก้ว
2026-07-04,16:30:00,มูลฝอยทั่วไป,บ้านพักเจ้าหน้าที่ แฟลต 48 ยูนิต,28.0,นายเจต  ทองแก้ว
2026-07-04,16:30:00,มูลฝอยทั่วไป,บ้านพักเจ้าหน้าที่ แฟลตม่านฟ้า,30.0,นายเจต  ทองแก้ว
2026-07-04,16:30:00,มูลฝอยทั่วไป,หน่วยงานยานพาหนะ,39.0,นายเจต  ทองแก้ว
2026-07-04,16:30:00,มูลฝอยอินทรีย์,งานโภชนาการ,19.0,นายเจต  ทองแก้ว
2026-07-05,16:30:00,มูลฝอยทั่วไป,บ้านพักเจ้าหน้าที่ หน้าห้องซ่อมบำรุง,142.0,นายเจต  ทองแก้ว
2026-07-05,16:30:00,มูลฝอยทั่วไป,จุดพัก ใต้บันได ATM,137.0,นายเจต  ทองแก้ว
2026-07-05,16:30:00,มูลฝอยอินทรีย์,งานโภชนาการ,19.0,นายเจต  ทองแก้ว
2026-07-06,16:30:00,มูลฝอยทั่วไป,บ้านพักเจ้าหน้าที่ หน้าห้องซ่อมบำรุง,164.0,นายเจต  ทองแก้ว
2026-07-06,16:30:00,มูลฝอยทั่วไป,จุดพัก ใต้บันได ATM,167.0,นายเจต  ทองแก้ว
2026-07-06,16:30:00,มูลฝอยทั่วไป,บ้านพักเจ้าหน้าที่ แฟลตปลางทอง,40.0,นายเจต  ทองแก้ว
2026-07-06,16:30:00,มูลฝอยทั่วไป,บ้านพักเจ้าหน้าที่ แฟลต 48 ยูนิต,29.0,นายเจต  ทองแก้ว
2026-07-06,16:30:00,มูลฝอยทั่วไป,บ้านพักเจ้าหน้าที่ แฟลตม่านฟ้า,39.0,นายเจต  ทองแก้ว
2026-07-06,16:30:00,มูลฝอยทั่วไป,จุดรับส่งพัสดุ เอกชน,41.0,นายเจต  ทองแก้ว
2026-07-06,16:30:00,มูลฝอยอินทรีย์,งานโภชนาการ,21.0,นายเจต  ทองแก้ว
2026-07-08,16:30:00,มูลฝอยทั่วไป,บ้านพักเจ้าหน้าที่ หน้าห้องซ่อมบำรุง,164.0,นายเจต  ทองแก้ว
2026-07-08,16:30:00,มูลฝอยทั่วไป,จุดพัก ใต้บันได ATM,153.0,นายเจต  ทองแก้ว
2026-07-08,16:30:00,มูลฝอยทั่วไป,บ้านพักเจ้าหน้าที่ แฟลตเก่า,39.0,นายเจต  ทองแก้ว
2026-07-08,16:30:00,มูลฝอยทั่วไป,บ้านพักเจ้าหน้าที่ แฟลต 48 ยูนิต,29.0,นายเจต  ทองแก้ว
2026-07-08,16:30:00,มูลฝอยทั่วไป,บ้านพักเจ้าหน้าที่ แฟลตม่านฟ้า,31.0,นายเจต  ทองแก้ว
2026-07-08,16:30:00,มูลฝอยอินทรีย์,งานโภชนาการ,21.0,นายเจต  ทองแก้ว
2026-07-09,16:30:00,มูลฝอยทั่วไป,บ้านพักเจ้าหน้าที่ หน้าห้องซ่อมบำรุง,158.0,นายเจต  ทองแก้ว
2026-07-09,16:30:00,มูลฝอยทั่วไป,จุดพัก ใต้บันได ATM,169.0,นายเจต  ทองแก้ว
2026-07-09,16:30:00,มูลฝอยทั่วไป,บ้านพักเจ้าหน้าที่ แฟลตปลางทอง,41.0,นายเจต  ทองแก้ว
2026-07-09,16:30:00,มูลฝอยทั่วไป,จุดรับส่งพัสดุ เอกชน,42.0,นายเจต  ทองแก้ว
2026-07-09,16:30:00,มูลฝอยอินทรีย์,งานโภชนาการ,19.0,นายเจต  ทองแก้ว
2026-07-10,16:30:00,มูลฝอยทั่วไป,บ้านพักเจ้าหน้าที่ หน้าห้องซ่อมบำรุง,164.0,นายเจต  ทองแก้ว
2026-07-10,16:30:00,มูลฝอยทั่วไป,จุดพัก ใต้บันได ATM,171.0,นายเจต  ทองแก้ว
2026-07-10,16:30:00,มูลฝอยทั่วไป,บ้านพักเจ้าหน้าที่ แฟลต 48 ยูนิต,29.0,นายเจต  ทองแก้ว
2026-07-10,16:30:00,มูลฝอยทั่วไป,หน่วยงานยานพาหนะ,35.0,นายเจต  ทองแก้ว
2026-07-10,16:30:00,มูลฝอยอินทรีย์,งานโภชนาการ,24.0,นายเจต  ทองแก้ว
2026-07-12,16:30:00,มูลฝอยทั่วไป,บ้านพักเจ้าหน้าที่ หน้าห้องซ่อมบำรุง,158.0,นายเจต  ทองแก้ว
2026-07-12,16:30:00,มูลฝอยทั่วไป,จุดพัก ใต้บันได ATM,141.0,นายเจต  ทองแก้ว
2026-07-12,16:30:00,มูลฝอยอินทรีย์,งานโภชนาการ,18.0,นายเจต  ทองแก้ว
2026-07-15,16:30:00,มูลฝอยทั่วไป,บ้านพักเจ้าหน้าที่ หน้าห้องซ่อมบำรุง,168.0,นายเจต  ทองแก้ว
2026-07-15,16:30:00,มูลฝอยทั่วไป,จุดพัก ใต้บันได ATM,165.0,นายเจต  ทองแก้ว
2026-07-15,16:30:00,มูลฝอยทั่วไป,บ้านพักเจ้าหน้าที่ แฟลตม่านฟ้า,37.0,นายเจต  ทองแก้ว
2026-07-15,16:30:00,มูลฝอยทั่วไป,หน่วยงานยานพาหนะ,38.0,นายเจต  ทองแก้ว
2026-07-15,16:30:00,มูลฝอยอินทรีย์,งานโภชนาการ,19.0,นายเจต  ทองแก้ว
2026-07-18,16:30:00,มูลฝอยทั่วไป,บ้านพักเจ้าหน้าที่ หน้าห้องซ่อมบำรุง,172.0,นายเจต  ทองแก้ว
2026-07-18,16:30:00,มูลฝอยทั่วไป,จุดพัก ใต้บันได ATM,164.0,นายเจต  ทองแก้ว
2026-07-18,16:30:00,มูลฝอยทั่วไป,บ้านพักเจ้าหน้าที่ แฟลตเก่า,29.0,นายเจต  ทองแก้ว
2026-07-18,16:30:00,มูลฝอยทั่วไป,บ้านพักเจ้าหน้าที่ แฟลต 48 ยูนิต,30.0,นายเจต  ทองแก้ว
2026-07-18,16:30:00,มูลฝอยอินทรีย์,งานโภชนาการ,20.0,นายเจต  ทองแก้ว
2026-07-19,16:00:00,มูลฝอยทั่วไป,บ้านพักเจ้าหน้าที่ หน้าห้องซ่อมบำรุง,23.0,นายชาตรี  สังข์สมศักดิ์
2026-07-19,16:00:00,มูลฝอยทั่วไป,จุดพัก ใต้บันได ATM,75.0,นายชาตรี  สังข์สมศักดิ์
2026-07-19,16:00:00,มูลฝอยทั่วไป,บ้านพักเจ้าหน้าที่ แฟลตปลางทอง,32.0,นายชาตรี  สังข์สมศักดิ์
2026-07-19,16:00:00,มูลฝอยทั่วไป,บ้านพักเจ้าหน้าที่ แฟลตเก่า,29.0,นายชาตรี  สังข์สมศักดิ์
2026-07-19,16:00:00,มูลฝอยทั่วไป,บ้านพักเจ้าหน้าที่ แฟลต 48 ยูนิต,25.0,นายชาตรี  สังข์สมศักดิ์
2026-07-20,16:00:00,มูลฝอยทั่วไป,บ้านพักเจ้าหน้าที่ หน้าห้องซ่อมบำรุง,25.0,นายชาตรี  สังข์สมศักดิ์
2026-07-20,16:00:00,มูลฝอยทั่วไป,จุดพัก ใต้บันได ATM,74.0,นายชาตรี  สังข์สมศักดิ์
2026-07-20,16:00:00,มูลฝอยทั่วไป,บ้านพักเจ้าหน้าที่ แฟลตปลางทอง,26.0,นายชาตรี  สังข์สมศักดิ์
2026-07-20,16:00:00,มูลฝอยทั่วไป,บ้านพักเจ้าหน้าที่ แฟลต 48 ยูนิต,31.0,นายชาตรี  สังข์สมศักดิ์
2026-07-20,16:00:00,มูลฝอยทั่วไป,จุดรับส่งพัสดุ เอกชน,29.0,นายชาตรี  สังข์สมศักดิ์
2026-07-21,16:30:00,มูลฝอยทั่วไป,บ้านพักเจ้าหน้าที่ หน้าห้องซ่อมบำรุง,175.0,นายเจต  ทองแก้ว
2026-07-21,16:30:00,มูลฝอยทั่วไป,จุดพัก ใต้บันได ATM,171.0,นายเจต  ทองแก้ว
2026-07-21,16:30:00,มูลฝอยทั่วไป,หน่วยงานยานพาหนะ,38.0,นายเจต  ทองแก้ว
2026-07-21,16:30:00,มูลฝอยอินทรีย์,งานโภชนาการ,21.0,นายเจต  ทองแก้ว
2026-07-22,16:30:00,มูลฝอยอันตราย,หน่วยงานซ่อมบำรุง,46.0,นายเจต  ทองแก้ว
2026-07-22,16:30:00,มูลฝอยอันตราย,จุดพัก ATM,66.0,นายเจต  ทองแก้ว
2026-07-23,16:00:00,มูลฝอยรีไซเคิล,กระดาษกล่อง,60.0,นางวรีย์ คำผง
2026-07-23,16:00:00,มูลฝอยรีไซเคิล,เศษกระดาษ จับจ๊๊ว,20.0,นางวรีย์ คำผง
2026-07-23,16:30:00,มูลฝอยทั่วไป,บ้านพักเจ้าหน้าที่ หน้าห้องซ่อมบำรุง,164.0,นายเจต  ทองแก้ว
2026-07-23,16:30:00,มูลฝอยทั่วไป,จุดพัก ใต้บันได ATM,171.0,นายเจต  ทองแก้ว
2026-07-23,16:30:00,มูลฝอยทั่วไป,บ้านพักเจ้าหน้าที่ แฟลตปลางทอง,36.0,นายเจต  ทองแก้ว
2026-07-23,16:30:00,มูลฝอยทั่วไป,จุดรับส่งพัสดุ เอกชน,42.0,นายเจต  ทองแก้ว
2026-07-23,16:30:00,มูลฝอยอินทรีย์,งานโภชนาการ,19.0,นายเจต  ทองแก้ว
2026-07-26,16:30:00,มูลฝอยทั่วไป,บ้านพักเจ้าหน้าที่ หน้าห้องซ่อมบำรุง,110.0,นายเจต  ทองแก้ว
2026-07-26,16:30:00,มูลฝอยทั่วไป,จุดพัก ใต้บันได ATM,148.0,นายเจต  ทองแก้ว
2026-07-26,16:30:00,มูลฝอยทั่วไป,บ้านพักเจ้าหน้าที่ แฟลต 48 ยูนิต,30.0,นายเจต  ทองแก้ว
2026-07-26,16:30:00,มูลฝอยทั่วไป,บ้านพักเจ้าหน้าที่ แฟลตม่านฟ้า,48.0,นายเจต  ทองแก้ว
2026-07-26,16:30:00,มูลฝอยทั่วไป,หน่วยงานยานพาหนะ,29.0,นายเจต  ทองแก้ว
2026-07-26,16:30:00,มูลฝอยอินทรีย์,งานโภชนาการ,19.0,นายเจต  ทองแก้ว
2026-07-27,16:30:00,มูลฝอยทั่วไป,บ้านพักเจ้าหน้าที่ หน้าห้องซ่อมบำรุง,171.0,นายเจต  ทองแก้ว
2026-07-27,16:30:00,มูลฝอยทั่วไป,จุดพัก ใต้บันได ATM,150.0,นายเจต  ทองแก้ว
2026-07-27,16:30:00,มูลฝอยอินทรีย์,งานโภชนาการ,21.0,นายเจต  ทองแก้ว
2026-07-29,16:30:00,มูลฝอยทั่วไป,บ้านพักเจ้าหน้าที่ หน้าห้องซ่อมบำรุง,90.0,นายเจต  ทองแก้ว
2026-07-29,16:30:00,มูลฝอยทั่วไป,จุดพัก ใต้บันได ATM,131.0,นายเจต  ทองแก้ว
2026-07-29,16:30:00,มูลฝอยทั่วไป,บ้านพักเจ้าหน้าที่ แฟลต 48 ยูนิต,34.0,นายเจต  ทองแก้ว
2026-07-29,16:30:00,มูลฝอยอินทรีย์,งานโภชนาการ,20.0,นายเจต  ทองแก้ว
2026-07-29,16:30:00,มูลฝอยอันตราย,จุดพัก OPD อาคาร 3 ชั้น,158.0,นายเจต  ทองแก้ว
2026-07-31,16:30:00,มูลฝอยทั่วไป,บ้านพักเจ้าหน้าที่ หน้าห้องซ่อมบำรุง,146.0,นายเจต  ทองแก้ว
2026-07-31,16:30:00,มูลฝอยทั่วไป,จุดพัก ใต้บันได ATM,174.0,นายเจต  ทองแก้ว
2026-07-31,16:30:00,มูลฝอยทั่วไป,บ้านพักเจ้าหน้าที่ แฟลตปลางทอง,29.0,นายเจต  ทองแก้ว
2026-07-31,16:30:00,มูลฝอยทั่วไป,หน่วยงานยานพาหนะ,36.0,นายเจต  ทองแก้ว
2026-07-31,16:30:00,มูลฝอยทั่วไป,จุดรับส่งพัสดุ เอกชน,41.0,นายเจต  ทองแก้ว
2026-07-31,16:30:00,มูลฝอยอินทรีย์,งานโภชนาการ,19.0,นายเจต  ทองแก้ว
2026-08-02,16:30:00,มูลฝอยทั่วไป,บ้านพักเจ้าหน้าที่ หน้าห้องซ่อมบำรุง,115.0,นายเจต  ทองแก้ว
2026-08-02,16:30:00,มูลฝอยทั่วไป,จุดพัก ใต้บันได ATM,147.0,นายเจต  ทองแก้ว
2026-08-02,16:30:00,มูลฝอยอินทรีย์,งานโภชนาการ,22.0,นายเจต  ทองแก้ว
2026-08-03,16:30:00,มูลฝอยทั่วไป,บ้านพักเจ้าหน้าที่ หน้าห้องซ่อมบำรุง,163.0,นายเจต  ทองแก้ว
2026-08-03,16:30:00,มูลฝอยทั่วไป,จุดพัก ใต้บันได ATM,137.0,นายเจต  ทองแก้ว
2026-08-03,16:30:00,มูลฝอยทั่วไป,บ้านพักเจ้าหน้าที่ แฟลต 48 ยูนิต,29.0,นายเจต  ทองแก้ว
2026-08-03,16:30:00,มูลฝอยทั่วไป,บ้านพักเจ้าหน้าที่ แฟลตม่านฟ้า,36.0,นายเจต  ทองแก้ว
2026-08-03,16:30:00,มูลฝอยอินทรีย์,งานโภชนาการ,22.0,นายเจต  ทองแก้ว
2026-08-04,16:30:00,มูลฝอยทั่วไป,บ้านพักเจ้าหน้าที่ หน้าห้องซ่อมบำรุง,148.0,นายเจต  ทองแก้ว
2026-08-04,16:30:00,มูลฝอยทั่วไป,จุดพัก ใต้บันได ATM,155.0,นายเจต  ทองแก้ว
2026-08-04,16:30:00,มูลฝอยทั่วไป,บ้านพักเจ้าหน้าที่ แฟลตเก่า,29.0,นายเจต  ทองแก้ว
2026-08-04,16:30:00,มูลฝอยอินทรีย์,งานโภชนาการ,20.0,นายเจต  ทองแก้ว
2026-08-06,16:30:00,มูลฝอยทั่วไป,บ้านพักเจ้าหน้าที่ หน้าห้องซ่อมบำรุง,164.0,นายเจต  ทองแก้ว
2026-08-06,16:30:00,มูลฝอยทั่วไป,จุดพัก ใต้บันได ATM,174.0,นายเจต  ทองแก้ว
2026-08-06,16:30:00,มูลฝอยทั่วไป,หน่วยงานยานพาหนะ,29.0,นายเจต  ทองแก้ว
2026-08-06,16:30:00,มูลฝอยอินทรีย์,งานโภชนาการ,26.0,นายเจต  ทองแก้ว
2026-08-08,16:30:00,มูลฝอยทั่วไป,บ้านพักเจ้าหน้าที่ หน้าห้องซ่อมบำรุง,122.0,นายเจต  ทองแก้ว
2026-08-08,16:30:00,มูลฝอยทั่วไป,จุดพัก ใต้บันได ATM,109.0,นายเจต  ทองแก้ว
2026-08-08,16:30:00,มูลฝอยอินทรีย์,งานโภชนาการ,20.0,นายเจต  ทองแก้ว
2026-08-10,16:30:00,มูลฝอยทั่วไป,บ้านพักเจ้าหน้าที่ หน้าห้องซ่อมบำรุง,123.0,นายเจต  ทองแก้ว
2026-08-10,16:30:00,มูลฝอยทั่วไป,จุดพัก ใต้บันได ATM,148.0,นายเจต  ทองแก้ว
2026-08-10,16:30:00,มูลฝอยทั่วไป,หน่วยงานยานพาหนะ,32.0,นายเจต  ทองแก้ว
2026-08-10,16:30:00,มูลฝอยอินทรีย์,งานโภชนาการ,18.0,นายเจต  ทองแก้ว
2026-08-17,16:30:00,มูลฝอยทั่วไป,บ้านพักเจ้าหน้าที่ หน้าห้องซ่อมบำรุง,134.0,นายเจต  ทองแก้ว
2026-08-17,16:30:00,มูลฝอยทั่วไป,จุดพัก ใต้บันได ATM,152.0,นายเจต  ทองแก้ว
2026-08-17,16:30:00,มูลฝอยอินทรีย์,งานโภชนาการ,19.0,นายเจต  ทองแก้ว
2026-08-18,16:30:00,มูลฝอยทั่วไป,บ้านพักเจ้าหน้าที่ หน้าห้องซ่อมบำรุง,143.0,นายเจต  ทองแก้ว
2026-08-18,16:30:00,มูลฝอยทั่วไป,จุดพัก ใต้บันได ATM,167.0,นายเจต  ทองแก้ว
2026-08-18,16:30:00,มูลฝอยทั่วไป,บ้านพักเจ้าหน้าที่ แฟลตปลางทอง,31.0,นายเจต  ทองแก้ว
2026-08-18,16:30:00,มูลฝอยทั่วไป,บ้านพักเจ้าหน้าที่ แฟลตเก่า,34.0,นายเจต  ทองแก้ว
2026-08-18,16:30:00,มูลฝอยอินทรีย์,งานโภชนาการ,20.0,นายเจต  ทองแก้ว
2026-08-19,16:30:00,มูลฝอยทั่วไป,บ้านพักเจ้าหน้าที่ หน้าห้องซ่อมบำรุง,173.0,นายเจต  ทองแก้ว
2026-08-19,16:30:00,มูลฝอยทั่วไป,จุดพัก ใต้บันได ATM,171.0,นายเจต  ทองแก้ว
2026-08-19,16:30:00,มูลฝอยทั่วไป,บ้านพักเจ้าหน้าที่ แฟลตเก่า,30.0,นายเจต  ทองแก้ว
2026-08-19,16:30:00,มูลฝอยทั่วไป,บ้านพักเจ้าหน้าที่ แฟลต 48 ยูนิต,38.0,นายเจต  ทองแก้ว
2026-08-19,16:30:00,มูลฝอยทั่วไป,บ้านพักเจ้าหน้าที่ แฟลตม่านฟ้า,36.0,นายเจต  ทองแก้ว
2026-08-19,16:30:00,มูลฝอยทั่วไป,หน่วยงานยานพาหนะ,29.0,นายเจต  ทองแก้ว
2026-08-19,16:30:00,มูลฝอยอินทรีย์,งานโภชนาการ,44.0,นายเจต  ทองแก้ว
2026-08-21,16:30:00,มูลฝอยทั่วไป,บ้านพักเจ้าหน้าที่ หน้าห้องซ่อมบำรุง,152.0,นายเจต  ทองแก้ว
2026-08-21,16:30:00,มูลฝอยทั่วไป,จุดพัก ใต้บันได ATM,168.0,นายเจต  ทองแก้ว
2026-08-21,16:30:00,มูลฝอยทั่วไป,บ้านพักเจ้าหน้าที่ แฟลต 48 ยูนิต,36.0,นายเจต  ทองแก้ว
2026-08-21,16:30:00,มูลฝอยทั่วไป,จุดรับส่งพัสดุ เอกชน,31.0,นายเจต  ทองแก้ว
2026-08-21,16:30:00,มูลฝอยอินทรีย์,งานโภชนาการ,21.0,นายเจต  ทองแก้ว
2026-08-22,16:30:00,มูลฝอยทั่วไป,บ้านพักเจ้าหน้าที่ หน้าห้องซ่อมบำรุง,161.0,นายเจต  ทองแก้ว
2026-08-22,16:30:00,มูลฝอยทั่วไป,จุดพัก ใต้บันได ATM,152.0,นายเจต  ทองแก้ว
2026-08-22,16:30:00,มูลฝอยทั่วไป,บ้านพักเจ้าหน้าที่ แฟลตปลางทอง,30.0,นายเจต  ทองแก้ว
2026-08-22,16:30:00,มูลฝอยทั่วไป,บ้านพักเจ้าหน้าที่ แฟลตเก่า,35.0,นายเจต  ทองแก้ว
2026-08-22,16:30:00,มูลฝอยอินทรีย์,งานโภชนาการ,17.0,นายเจต  ทองแก้ว
2026-08-23,16:30:00,มูลฝอยทั่วไป,บ้านพักเจ้าหน้าที่ หน้าห้องซ่อมบำรุง,147.0,นายเจต  ทองแก้ว
2026-08-23,16:30:00,มูลฝอยทั่วไป,จุดพัก ใต้บันได ATM,138.0,นายเจต  ทองแก้ว
2026-08-23,16:30:00,มูลฝอยทั่วไป,บ้านพักเจ้าหน้าที่ แฟลต 48 ยูนิต,38.0,นายเจต  ทองแก้ว
2026-08-23,16:30:00,มูลฝอยทั่วไป,บ้านพักเจ้าหน้าที่ แฟลตม่านฟ้า,30.0,นายเจต  ทองแก้ว
2026-08-23,16:30:00,มูลฝอยอินทรีย์,งานโภชนาการ,19.0,นายเจต  ทองแก้ว
2026-08-24,16:30:00,มูลฝอยทั่วไป,บ้านพักเจ้าหน้าที่ หน้าห้องซ่อมบำรุง,168.0,นายเจต  ทองแก้ว
2026-08-24,16:30:00,มูลฝอยทั่วไป,จุดพัก ใต้บันได ATM,159.0,นายเจต  ทองแก้ว
2026-08-24,16:30:00,มูลฝอยทั่วไป,บ้านพักเจ้าหน้าที่ แฟลตปลางทอง,30.0,นายเจต  ทองแก้ว
2026-08-24,16:30:00,มูลฝอยทั่วไป,บ้านพักเจ้าหน้าที่ แฟลตเก่า,35.0,นายเจต  ทองแก้ว
2026-08-24,16:30:00,มูลฝอยอินทรีย์,งานโภชนาการ,22.0,นายเจต  ทองแก้ว
2026-08-25,16:30:00,มูลฝอยทั่วไป,บ้านพักเจ้าหน้าที่ หน้าห้องซ่อมบำรุง,176.0,นายเจต  ทองแก้ว
2026-08-25,16:30:00,มูลฝอยทั่วไป,จุดพัก ใต้บันได ATM,172.0,นายเจต  ทองแก้ว
2026-08-25,16:30:00,มูลฝอยทั่วไป,บ้านพักเจ้าหน้าที่ แฟลต 48 ยูนิต,38.0,นายเจต  ทองแก้ว
2026-08-25,16:30:00,มูลฝอยทั่วไป,หน่วยงานยานพาหนะ,32.0,นายเจต  ทองแก้ว
2026-08-25,16:30:00,มูลฝอยทั่วไป,จุดรับส่งพัสดุ เอกชน,40.0,นายเจต  ทองแก้ว
2026-08-25,16:30:00,มูลฝอยอินทรีย์,งานโภชนาการ,18.0,นายเจต  ทองแก้ว
2026-08-27,14:30:00,มูลฝอยอันตราย,จุดพัก OPD อาคาร 3 ชั้น,117.0,นายเจต  ทองแก้ว
2026-08-27,14:30:00,มูลฝอยอันตราย,จุดพัก ATM,64.0,นายเจต  ทองแก้ว
2026-08-29,16:30:00,มูลฝอยทั่วไป,บ้านพักเจ้าหน้าที่ หน้าห้องซ่อมบำรุง,168.0,นายเจต  ทองแก้ว
2026-08-29,16:30:00,มูลฝอยทั่วไป,จุดพัก ใต้บันได ATM,164.0,นายเจต  ทองแก้ว
2026-08-29,16:30:00,มูลฝอยทั่วไป,บ้านพักเจ้าหน้าที่ แฟลตปลางทอง,32.0,นายเจต  ทองแก้ว
2026-08-29,16:30:00,มูลฝอยทั่วไป,บ้านพักเจ้าหน้าที่ แฟลต 48 ยูนิต,36.0,นายเจต  ทองแก้ว
2026-08-29,16:30:00,มูลฝอยทั่วไป,บ้านพักเจ้าหน้าที่ แฟลตม่านฟ้า,36.0,นายเจต  ทองแก้ว
2026-08-29,16:30:00,มูลฝอยอินทรีย์,งานโภชนาการ,17.0,นายเจต  ทองแก้ว
2026-08-31,16:30:00,มูลฝอยทั่วไป,บ้านพักเจ้าหน้าที่ หน้าห้องซ่อมบำรุง,171.0,นายเจต  ทองแก้ว
2026-08-31,16:30:00,มูลฝอยทั่วไป,จุดพัก ใต้บันได ATM,264.0,นายเจต  ทองแก้ว
2026-08-31,16:30:00,มูลฝอยทั่วไป,บ้านพักเจ้าหน้าที่ แฟลตเก่า,35.0,นายเจต  ทองแก้ว
2026-08-31,16:30:00,มูลฝอยทั่วไป,จุดรับส่งพัสดุ เอกชน,41.0,นายเจต  ทองแก้ว
2026-08-31,16:30:00,มูลฝอยอินทรีย์,งานโภชนาการ,36.0,นายเจต  ทองแก้ว
2026-09-01,16:30:00,มูลฝอยทั่วไป,บ้านพักเจ้าหน้าที่ หน้าห้องซ่อมบำรุง,164.0,นายเจต  ทองแก้ว
2026-09-01,16:30:00,มูลฝอยทั่วไป,จุดพัก ใต้บันได ATM,173.0,นายเจต  ทองแก้ว
2026-09-01,16:30:00,มูลฝอยทั่วไป,บ้านพักเจ้าหน้าที่ แฟลตปลางทอง,32.0,นายเจต  ทองแก้ว
2026-09-01,16:30:00,มูลฝอยทั่วไป,บ้านพักเจ้าหน้าที่ แฟลต 48 ยูนิต,38.0,นายเจต  ทองแก้ว
2026-09-01,16:30:00,มูลฝอยอินทรีย์,งานโภชนาการ,16.0,นายเจต  ทองแก้ว
2026-09-02,16:30:00,มูลฝอยทั่วไป,บ้านพักเจ้าหน้าที่ หน้าห้องซ่อมบำรุง,170.0,นายเจต  ทองแก้ว
2026-09-02,16:30:00,มูลฝอยทั่วไป,จุดพัก ใต้บันได ATM,172.0,นายเจต  ทองแก้ว
2026-09-02,16:30:00,มูลฝอยทั่วไป,บ้านพักเจ้าหน้าที่ แฟลตม่านฟ้า,38.0,นายเจต  ทองแก้ว
2026-09-02,16:30:00,มูลฝอยอินทรีย์,งานโภชนาการ,22.0,นายเจต  ทองแก้ว
2026-09-05,16:30:00,มูลฝอยทั่วไป,บ้านพักเจ้าหน้าที่ หน้าห้องซ่อมบำรุง,164.0,นายเจต  ทองแก้ว
2026-09-05,16:30:00,มูลฝอยทั่วไป,จุดพัก ใต้บันได ATM,142.0,นายเจต  ทองแก้ว
2026-09-05,16:30:00,มูลฝอยทั่วไป,บ้านพักเจ้าหน้าที่ แฟลตเก่า,38.0,นายเจต  ทองแก้ว
2026-09-05,16:30:00,มูลฝอยทั่วไป,บ้านพักเจ้าหน้าที่ แฟลต 48 ยูนิต,62.0,นายเจต  ทองแก้ว
2026-09-05,16:30:00,มูลฝอยทั่วไป,จุดรับส่งพัสดุ เอกชน,40.0,นายเจต  ทองแก้ว
2026-09-05,16:30:00,มูลฝอยอินทรีย์,งานโภชนาการ,21.0,นายเจต  ทองแก้ว
2026-09-06,16:30:00,มูลฝอยทั่วไป,บ้านพักเจ้าหน้าที่ หน้าห้องซ่อมบำรุง,153.0,นายเจต  ทองแก้ว
2026-09-06,16:30:00,มูลฝอยทั่วไป,จุดพัก ใต้บันได ATM,137.0,นายเจต  ทองแก้ว
2026-09-06,16:30:00,มูลฝอยทั่วไป,บ้านพักเจ้าหน้าที่ แฟลตม่านฟ้า,40.0,นายเจต  ทองแก้ว
2026-09-06,16:30:00,มูลฝอยอินทรีย์,งานโภชนาการ,20.0,นายเจต  ทองแก้ว
2026-09-07,16:30:00,มูลฝอยทั่วไป,บ้านพักเจ้าหน้าที่ หน้าห้องซ่อมบำรุง,154.0,นายเจต  ทองแก้ว
2026-09-07,16:30:00,มูลฝอยทั่วไป,จุดพัก ใต้บันได ATM,156.0,นายเจต  ทองแก้ว
2026-09-07,16:30:00,มูลฝอยทั่วไป,บ้านพักเจ้าหน้าที่ แฟลตปลางทอง,36.0,นายเจต  ทองแก้ว
2026-09-07,16:30:00,มูลฝอยอินทรีย์,งานโภชนาการ,19.0,นายเจต  ทองแก้ว
2026-09-08,16:30:00,มูลฝอยทั่วไป,บ้านพักเจ้าหน้าที่ หน้าห้องซ่อมบำรุง,168.0,นายเจต  ทองแก้ว
2026-09-08,16:30:00,มูลฝอยทั่วไป,จุดพัก ใต้บันได ATM,171.0,นายเจต  ทองแก้ว
2026-09-08,16:30:00,มูลฝอยทั่วไป,บ้านพักเจ้าหน้าที่ แฟลตเก่า,37.0,นายเจต  ทองแก้ว
2026-09-08,16:30:00,มูลฝอยทั่วไป,บ้านพักเจ้าหน้าที่ แฟลต 48 ยูนิต,29.0,นายเจต  ทองแก้ว
2026-09-08,16:30:00,มูลฝอยอินทรีย์,งานโภชนาการ,23.0,นายเจต  ทองแก้ว
